,datetime,host,src,proto,type,spt,dpt,srcstr,cc,country,locale,latitude,longitude,Unnamed: 15,ts,ts_date,year,month,day,hour,minute
105662,4/26/13 3:03,groucho-us-east,1019194042,TCP,,6000.0,3306.0,60.191.170.186,CN,China,Jiangsu Sheng,32.4907,119.9081,,2013-04-26 03:03:00,2013-04-26,2013,4,26,3,3
10794,3/10/13 5:10,groucho-tokyo,2916403688,TCP,,4754.0,25.0,173.212.201.232,US,United States,Pennsylvania,41.409,-75.6624,,2013-03-10 05:10:00,2013-03-10,2013,3,10,5,10
14489,3/12/13 5:56,groucho-oregon,1001382595,TCP,,52326.0,3389.0,59.175.226.195,CN,China,Hubei,30.5801,114.2734,,2013-03-12 05:56:00,2013-03-12,2013,3,12,5,56
315156,7/24/13 7:49,groucho-tokyo,45792730,UDP,,10100.0,2193.0,2.186.189.218,IR,Iran,East Azarbaijan,38.08,46.2919,,2013-07-24 07:49:00,2013-07-24,2013,7,24,7,49
252218,6/30/13 17:08,groucho-singapore,3328467635,TCP,,6000.0,135.0,198.100.98.179,US,United States,California,34.053000000000004,-118.2642,,2013-06-30 17:08:00,2013-06-30,2013,6,30,17,8
223782,6/18/13 12:51,groucho-tokyo,922330187,TCP,,55395.0,80.0,54.249.164.75,JP,Japan,Tokyo-to,35.685,139.7514,,2013-06-18 12:51:00,2013-06-18,2013,6,18,12,51
11923,3/10/13 20:14,groucho-tokyo,92779205,TCP,,53667.0,80.0,5.135.178.197,FR,France,,48.86,2.35,,2013-03-10 20:14:00,2013-03-10,2013,3,10,20,14
354989,8/7/13 8:16,groucho-tokyo,1534683960,TCP,,42694.0,80.0,91.121.107.56,FR,France,,48.86,2.35,,2013-08-07 08:16:00,2013-08-07,2013,8,7,8,16
167394,5/22/13 12:29,groucho-tokyo,1017728457,TCP,,6000.0,6666.0,60.169.77.201,CN,China,Anhui Sheng,31.8639,117.2808,,2013-05-22 12:29:00,2013-05-22,2013,5,22,12,29
300071,7/20/13 15:30,groucho-tokyo,2169670188,ICMP,8.0,,,129.82.138.44,US,United States,Colorado,40.4555,-105.4648,,2013-07-20 15:30:00,2013-07-20,2013,7,20,15,30
220141,6/16/13 18:28,groucho-oregon,1033070524,TCP,,6000.0,3306.0,61.147.103.188,CN,China,Jiangsu Sheng,32.0617,118.7778,,2013-06-16 18:28:00,2013-06-16,2013,6,16,18,28
64477,4/6/13 20:07,groucho-singapore,2057552199,TCP,,2098.0,23.0,122.163.193.71,IN,India,Uttar Pradesh,26.85,80.9167,,2013-04-06 20:07:00,2013-04-06,2013,4,6,20,7
253581,7/1/13 8:36,zeppo-norcal,2679514627,TCP,,30366.0,80.0,159.182.38.3,US,United States,Iowa,41.6695,-91.5133,,2013-07-01 08:36:00,2013-07-01,2013,7,1,8,36
303973,7/22/13 10:47,groucho-tokyo,1380923287,TCP,,3761.0,445.0,82.79.55.151,RO,Romania,Satu Mare,47.8,22.8833,,2013-07-22 10:47:00,2013-07-22,2013,7,22,10,47
400691,8/25/13 21:25,groucho-singapore,3683188263,TCP,,6000.0,22.0,219.136.254.39,CN,China,Guangdong,23.1167,113.25,,2013-08-25 21:25:00,2013-08-25,2013,8,25,21,25
431445,8/31/13 5:08,zeppo-norcal,2095620899,TCP,,6000.0,1433.0,124.232.163.35,CN,China,Hunan,28.1792,113.1136,,2013-08-31 05:08:00,2013-08-31,2013,8,31,5,8
265143,7/6/13 17:39,groucho-tokyo,2918347967,UDP,,43520.0,19.0,173.242.116.191,US,United States,Pennsylvania,41.4486,-75.72800000000001,,2013-07-06 17:39:00,2013-07-06,2013,7,6,17,39
17474,3/13/13 20:45,groucho-oregon,1995749136,TCP,,6000.0,1433.0,118.244.183.16,CN,China,Beijing Shi,39.9289,116.3883,,2013-03-13 20:45:00,2013-03-13,2013,3,13,20,45
435367,9/1/13 20:45,groucho-sydney,633031347,ICMP,3.0,,,37.187.74.179,FR,France,,48.86,2.35,,2013-09-01 20:45:00,2013-09-01,2013,9,1,20,45
319969,7/24/13 7:54,groucho-tokyo,45792730,UDP,,10100.0,2193.0,2.186.189.218,IR,Iran,East Azarbaijan,38.08,46.2919,,2013-07-24 07:54:00,2013-07-24,2013,7,24,7,54
35801,3/22/13 15:23,groucho-us-east,1298130847,TCP,,1332.0,21.0,77.95.231.159,NL,Netherlands,,52.5,5.75,,2013-03-22 15:23:00,2013-03-22,2013,3,22,15,23
249491,6/29/13 14:00,groucho-oregon,1816030666,TCP,,6000.0,1433.0,108.62.109.202,US,United States,California,34.0438,-118.2512,,2013-06-29 14:00:00,2013-06-29,2013,6,29,14,0
225624,6/19/13 8:27,groucho-oregon,1416300426,UDP,,2044.0,19876.0,84.107.7.138,NL,Netherlands,North Holland,52.5582,4.8419,,2013-06-19 08:27:00,2013-06-19,2013,6,19,8,27
162785,5/20/13 7:27,groucho-sydney,3428692994,TCP,,38970.0,110.0,204.93.180.2,US,United States,Illinois,41.8776,-87.6272,,2013-05-20 07:27:00,2013-05-20,2013,5,20,7,27
68093,4/8/13 16:52,groucho-oregon,2953454577,TCP,,39327.0,25.0,176.10.35.241,IS,Iceland,,65.0,-18.0,,2013-04-08 16:52:00,2013-04-08,2013,4,8,16,52
77844,4/13/13 21:20,groucho-tokyo,2946565888,TCP,,34407.0,23.0,175.161.7.0,CN,China,Liaoning,41.7922,123.4328,,2013-04-13 21:20:00,2013-04-13,2013,4,13,21,20
203435,6/8/13 16:26,groucho-singapore,3736740419,TCP,,6000.0,6675.0,222.186.34.67,CN,China,Jiangsu Sheng,32.0617,118.7778,,2013-06-08 16:26:00,2013-06-08,2013,6,8,16,26
383281,8/18/13 4:11,groucho-singapore,3661293569,TCP,,3012.0,22.0,218.58.232.1,CN,China,Shandong Sheng,36.6683,116.9972,,2013-08-18 04:11:00,2013-08-18,2013,8,18,4,11
241920,6/26/13 11:25,groucho-oregon,1416300426,UDP,,2217.0,19875.0,84.107.7.138,NL,Netherlands,North Holland,52.5582,4.8419,,2013-06-26 11:25:00,2013-06-26,2013,6,26,11,25
152858,5/17/13 2:14,groucho-us-east,181049247,ICMP,8.0,,,10.202.151.159,,,,,,,2013-05-17 02:14:00,2013-05-17,2013,5,17,2,14
440681,9/4/13 0:22,groucho-singapore,2148116578,ICMP,8.0,,,128.9.168.98,US,United States,California,33.9777,-118.4351,,2013-09-04 00:22:00,2013-09-04,2013,9,4,0,22
396410,8/23/13 22:32,groucho-oregon,1347567642,UDP,,37534.0,53.0,80.82.64.26,NL,Netherlands,,52.5,5.75,,2013-08-23 22:32:00,2013-08-23,2013,8,23,22,32
114296,4/29/13 20:45,groucho-us-east,3670988196,TCP,,6000.0,3389.0,218.206.213.164,CN,China,Henan Sheng,34.6836,113.5325,,2013-04-29 20:45:00,2013-04-29,2013,4,29,20,45
207711,6/10/13 16:29,groucho-tokyo,3736738196,TCP,,6000.0,6668.0,222.186.25.148,CN,China,Jiangsu Sheng,32.0617,118.7778,,2013-06-10 16:29:00,2013-06-10,2013,6,10,16,29
246421,6/28/13 6:48,groucho-us-east,1509469053,UDP,,44053.0,19.0,89.248.171.125,NL,Netherlands,,52.5,5.75,,2013-06-28 06:48:00,2013-06-28,2013,6,28,6,48
332087,7/28/13 18:43,groucho-eu,3546556861,TCP,,2313.0,8080.0,211.100.41.189,CN,China,Beijing Shi,39.9289,116.3883,,2013-07-28 18:43:00,2013-07-28,2013,7,28,18,43
129977,5/6/13 19:50,zeppo-norcal,1020717532,TCP,,6000.0,8088.0,60.214.233.220,CN,China,Shandong Sheng,36.6683,116.9972,,2013-05-06 19:50:00,2013-05-06,2013,5,6,19,50
5955,3/7/13 13:53,groucho-tokyo,1580477509,TCP,,39743.0,445.0,94.52.44.69,RO,Romania,,46.0,25.0,,2013-03-07 13:53:00,2013-03-07,2013,3,7,13,53
280334,7/12/13 10:17,groucho-oregon,3235004009,TCP,,6000.0,3306.0,192.210.62.105,US,United States,California,34.0115,-117.8535,,2013-07-12 10:17:00,2013-07-12,2013,7,12,10,17
215874,6/14/13 18:34,groucho-sa,3024879885,ICMP,8.0,,,180.76.1.13,CN,China,Beijing Shi,39.9289,116.3883,,2013-06-14 18:34:00,2013-06-14,2013,6,14,18,34
323555,7/25/13 3:02,groucho-singapore,1886363232,ICMP,8.0,,,112.111.158.96,CN,China,,35.0,105.0,,2013-07-25 03:02:00,2013-07-25,2013,7,25,3,2
311852,7/24/13 7:47,groucho-tokyo,45792730,UDP,,10100.0,2193.0,2.186.189.218,IR,Iran,East Azarbaijan,38.08,46.2919,,2013-07-24 07:47:00,2013-07-24,2013,7,24,7,47
214540,6/14/13 2:09,groucho-singapore,1033258251,TCP,,21136.0,3389.0,61.150.69.11,CN,China,Shaanxi,34.2583,108.9286,,2013-06-14 02:09:00,2013-06-14,2013,6,14,2,9
382896,8/18/13 0:05,groucho-tokyo,1314914739,TCP,,4808.0,445.0,78.96.1.179,RO,Romania,,46.0,25.0,,2013-08-18 00:05:00,2013-08-18,2013,8,18,0,5
75387,4/12/13 16:20,groucho-oregon,1995750374,TCP,,27529.0,3389.0,118.244.187.230,CN,China,Beijing Shi,39.9289,116.3883,,2013-04-12 16:20:00,2013-04-12,2013,4,12,16,20
217378,6/15/13 12:09,groucho-norcal,1264662054,TCP,,12063.0,3389.0,75.97.54.38,US,United States,Pennsylvania,40.8413,-76.1089,,2013-06-15 12:09:00,2013-06-15,2013,6,15,12,9
317688,7/24/13 7:50,groucho-tokyo,45792730,UDP,,10100.0,2193.0,2.186.189.218,IR,Iran,East Azarbaijan,38.08,46.2919,,2013-07-24 07:50:00,2013-07-24,2013,7,24,7,50
223172,6/18/13 6:01,groucho-oregon,3086338594,TCP,,6000.0,1433.0,183.245.202.34,CN,China,,35.0,105.0,,2013-06-18 06:01:00,2013-06-18,2013,6,18,6,1
292521,7/17/13 11:14,groucho-tokyo,3630407259,TCP,,6000.0,1433.0,216.99.158.91,US,United States,California,34.0115,-117.8535,,2013-07-17 11:14:00,2013-07-17,2013,7,17,11,14
5517,3/7/13 7:23,groucho-tokyo,1652436315,TCP,,6000.0,135.0,98.126.45.91,US,United States,California,33.8138,-117.7986,,2013-03-07 07:23:00,2013-03-07,2013,3,7,7,23
178847,5/27/13 19:43,groucho-singapore,2956823403,TCP,,2637.0,80.0,176.61.139.107,SE,Sweden,,62.0,15.0,,2013-05-27 19:43:00,2013-05-27,2013,5,27,19,43
101902,4/24/13 7:12,groucho-singapore,2000668485,ICMP,8.0,,,119.63.199.69,JP,Japan,Tokyo-to,35.685,139.7514,,2013-04-24 07:12:00,2013-04-24,2013,4,24,7,12
246917,6/28/13 11:55,groucho-eu,1034929852,TCP,,2114.0,8080.0,61.175.198.188,CN,China,,35.0,105.0,,2013-06-28 11:55:00,2013-06-28,2013,6,28,11,55
384538,8/18/13 16:57,zeppo-norcal,2321255532,TCP,,1123.0,3389.0,138.91.140.108,US,United States,,38.0,-97.0,,2013-08-18 16:57:00,2013-08-18,2013,8,18,16,57
445128,9/5/13 18:50,groucho-tokyo,3736740532,TCP,,6000.0,1433.0,222.186.34.180,CN,China,Jiangsu Sheng,32.0617,118.7778,,2013-09-05 18:50:00,2013-09-05,2013,9,5,18,50
418790,8/27/13 0:19,groucho-tokyo,2945632252,UDP,,25416.0,56338.0,175.146.199.252,CN,China,Liaoning,41.7922,123.4328,,2013-08-27 00:19:00,2013-08-27,2013,8,27,0,19
41800,3/25/13 19:43,groucho-oregon,1652482299,TCP,,6000.0,1433.0,98.126.224.251,US,United States,California,33.8138,-117.7986,,2013-03-25 19:43:00,2013-03-25,2013,3,25,19,43
159999,5/19/13 2:45,groucho-oregon,3701709887,TCP,,1112.0,1433.0,220.163.156.63,CN,China,Yunnan,25.0389,102.7183,,2013-05-19 02:45:00,2013-05-19,2013,5,19,2,45
355161,8/7/13 9:34,groucho-sydney,3689642996,TCP,,3495.0,3128.0,219.235.123.244,CN,China,Liaoning,41.7239,123.2017,,2013-08-07 09:34:00,2013-08-07,2013,8,7,9,34
359154,8/8/13 18:24,groucho-tokyo,2956823403,TCP,,2746.0,80.0,176.61.139.107,SE,Sweden,,62.0,15.0,,2013-08-08 18:24:00,2013-08-08,2013,8,8,18,24
8978,3/9/13 3:48,zeppo-norcal,3024879885,ICMP,8.0,,,180.76.1.13,CN,China,Beijing Shi,39.9289,116.3883,,2013-03-09 03:48:00,2013-03-09,2013,3,9,3,48
432042,8/31/13 10:27,groucho-singapore,2031015162,TCP,,6000.0,1433.0,121.14.212.250,CN,China,Guangdong,23.1167,113.25,,2013-08-31 10:27:00,2013-08-31,2013,8,31,10,27
354523,8/7/13 4:46,groucho-eu,3028034108,TCP,,3838.0,1433.0,180.124.34.60,CN,China,Jiangsu Sheng,32.0617,118.7778,,2013-08-07 04:46:00,2013-08-07,2013,8,7,4,46
231467,6/21/13 17:30,groucho-tokyo,3417478163,ICMP,8.0,,,203.178.148.19,JP,Japan,,35.69,139.69,,2013-06-21 17:30:00,2013-06-21,2013,6,21,17,30
328190,7/26/13 22:35,groucho-singapore,1583756364,UDP,,32767.0,53.0,94.102.52.76,NL,Netherlands,North Holland,52.35,4.9167,,2013-07-26 22:35:00,2013-07-26,2013,7,26,22,35
372022,8/13/13 11:19,groucho-us-east,697169110,ICMP,8.0,,,41.141.244.214,MA,Morocco,,32.0,-5.0,,2013-08-13 11:19:00,2013-08-13,2013,8,13,11,19
372091,8/13/13 12:02,groucho-tokyo,2938780683,TCP,,50218.0,1433.0,175.42.60.11,CN,China,Fujian,26.0614,119.3061,,2013-08-13 12:02:00,2013-08-13,2013,8,13,12,2
2939,3/5/13 15:45,groucho-tokyo,1412912716,TCP,,3133.0,445.0,84.55.86.76,,,,,,,2013-03-05 15:45:00,2013-03-05,2013,3,5,15,45
266338,7/7/13 7:46,zeppo-norcal,2073504317,TCP,,12230.0,8080.0,123.151.42.61,CN,China,Tianjin Shi,39.1422,117.1767,,2013-07-07 07:46:00,2013-07-07,2013,7,7,7,46
424126,8/28/13 0:41,groucho-oregon,3549800201,TCP,,6000.0,1433.0,211.149.167.9,CN,China,Sichuan Sheng,30.6667,104.0667,,2013-08-28 00:41:00,2013-08-28,2013,8,28,0,41
251970,6/30/13 15:14,groucho-tokyo,1032790494,TCP,,5208.0,22.0,61.143.33.222,CN,China,Guangdong,23.1167,113.25,,2013-06-30 15:14:00,2013-06-30,2013,6,30,15,14
175864,5/26/13 10:43,groucho-norcal,3225804083,TCP,,6000.0,3389.0,192.69.221.51,US,United States,California,34.053000000000004,-118.2642,,2013-05-26 10:43:00,2013-05-26,2013,5,26,10,43
316285,7/24/13 7:49,groucho-tokyo,45792730,UDP,,10100.0,2193.0,2.186.189.218,IR,Iran,East Azarbaijan,38.08,46.2919,,2013-07-24 07:49:00,2013-07-24,2013,7,24,7,49
314658,7/24/13 7:48,groucho-tokyo,45792730,UDP,,10100.0,2193.0,2.186.189.218,IR,Iran,East Azarbaijan,38.08,46.2919,,2013-07-24 07:48:00,2013-07-24,2013,7,24,7,48
315242,7/24/13 7:49,groucho-tokyo,45792730,UDP,,10100.0,2193.0,2.186.189.218,IR,Iran,East Azarbaijan,38.08,46.2919,,2013-07-24 07:49:00,2013-07-24,2013,7,24,7,49
82744,4/16/13 7:04,groucho-singapore,3024881044,UDP,,46961.0,53.0,180.76.5.148,CN,China,Beijing Shi,39.9289,116.3883,,2013-04-16 07:04:00,2013-04-16,2013,4,16,7,4
281863,7/13/13 1:36,groucho-norcal,2385949090,TCP,,6000.0,1433.0,142.54.177.162,US,United States,Missouri,39.1472,-94.5735,,2013-07-13 01:36:00,2013-07-13,2013,7,13,1,36
439623,9/3/13 14:21,groucho-singapore,1995737152,TCP,,25527.0,22.0,118.244.136.64,CN,China,Beijing Shi,39.9289,116.3883,,2013-09-03 14:21:00,2013-09-03,2013,9,3,14,21
128396,5/6/13 8:55,groucho-norcal,1843852418,ICMP,3.0,,,109.230.244.130,DE,Germany,,51.0,9.0,,2013-05-06 08:55:00,2013-05-06,2013,5,6,8,55
46362,3/28/13 5:39,groucho-us-east,3351015204,TCP,,6000.0,8080.0,199.188.111.36,US,United States,California,37.3887,-122.0188,,2013-03-28 05:39:00,2013-03-28,2013,3,28,5,39
209941,6/11/13 18:29,groucho-oregon,1247485886,TCP,,6000.0,3306.0,74.91.31.190,US,United States,Missouri,39.1472,-94.5735,,2013-06-11 18:29:00,2013-06-11,2013,6,11,18,29
190988,6/2/13 12:18,groucho-tokyo,100140320,TCP,,1219.0,445.0,5.248.5.32,UA,Ukraine,,49.0,32.0,,2013-06-02 12:18:00,2013-06-02,2013,6,2,12,18
187876,6/1/13 0:15,groucho-tokyo,1981151644,TCP,,4693.0,445.0,118.21.249.156,JP,Japan,Tokyo-to,35.685,139.7514,,2013-06-01 00:15:00,2013-06-01,2013,6,1,0,15
296917,7/19/13 10:25,groucho-oregon,3344129628,TCP,,6000.0,1433.0,199.83.94.92,US,United States,California,34.0115,-117.8535,,2013-07-19 10:25:00,2013-07-19,2013,7,19,10,25
192504,6/3/13 7:12,groucho-singapore,3659255801,UDP,,64950.0,53.0,218.27.207.249,CN,China,Jilin Sheng,43.88,125.3228,,2013-06-03 07:12:00,2013-06-03,2013,6,3,7,12
196971,6/5/13 9:48,groucho-us-east,3634190869,TCP,,58582.0,5900.0,216.157.90.21,US,United States,Georgia,33.7516,-84.3915,,2013-06-05 09:48:00,2013-06-05,2013,6,5,9,48
200089,6/6/13 21:59,groucho-tokyo,3699905509,TCP,,6850.0,445.0,220.136.19.229,TW,Taiwan,Taipei,25.0392,121.525,,2013-06-06 21:59:00,2013-06-06,2013,6,6,21,59
445568,9/5/13 23:10,groucho-singapore,1962432709,TCP,,6000.0,1433.0,116.248.88.197,CN,China,Yunnan,25.0389,102.7183,,2013-09-05 23:10:00,2013-09-05,2013,9,5,23,10
223830,6/18/13 13:12,groucho-oregon,2043097432,TCP,,6000.0,1433.0,121.199.49.88,CN,China,Beijing Shi,39.9289,116.3883,,2013-06-18 13:12:00,2013-06-18,2013,6,18,13,12
69457,4/9/13 11:58,groucho-us-east,3736746285,TCP,,6000.0,3389.0,222.186.57.45,CN,China,Jiangsu Sheng,32.0617,118.7778,,2013-04-09 11:58:00,2013-04-09,2013,4,9,11,58
101301,4/24/13 0:33,groucho-tokyo,1884198458,TCP,,3324.0,445.0,112.78.150.58,ID,Indonesia,,-6.1744,106.8294,,2013-04-24 00:33:00,2013-04-24,2013,4,24,0,33
198304,6/6/13 0:30,groucho-sa,3736746437,TCP,,6000.0,3389.0,222.186.57.197,CN,China,Jiangsu Sheng,32.0617,118.7778,,2013-06-06 00:30:00,2013-06-06,2013,6,6,0,30
315832,7/24/13 7:49,groucho-tokyo,45792730,UDP,,10100.0,2193.0,2.186.189.218,IR,Iran,East Azarbaijan,38.08,46.2919,,2013-07-24 07:49:00,2013-07-24,2013,7,24,7,49
7175,3/8/13 4:21,groucho-norcal,1033063105,ICMP,3.0,,,61.147.74.193,CN,China,Jiangsu Sheng,32.0617,118.7778,,2013-03-08 04:21:00,2013-03-08,2013,3,8,4,21
208823,6/11/13 6:27,groucho-oregon,3670993198,ICMP,8.0,,,218.206.233.46,CN,China,Henan Sheng,34.6836,113.5325,,2013-06-11 06:27:00,2013-06-11,2013,6,11,6,27
200669,6/7/13 5:06,groucho-us-east,3673697292,TCP,,35395.0,80.0,218.248.44.12,IN,India,NCT,28.6,77.2,,2013-06-07 05:06:00,2013-06-07,2013,6,7,5,6
330276,7/27/13 22:05,groucho-tokyo,2169670188,ICMP,8.0,,,129.82.138.44,US,United States,Colorado,40.4555,-105.4648,,2013-07-27 22:05:00,2013-07-27,2013,7,27,22,5
334295,7/29/13 18:10,groucho-norcal,1964368651,TCP,,6000.0,1433.0,117.21.227.11,CN,China,Jiangxi Sheng,28.55,115.9333,,2013-07-29 18:10:00,2013-07-29,2013,7,29,18,10
374987,8/14/13 14:39,groucho-norcal,2012661741,UDP,,18636.0,40938.0,119.246.199.237,HK,Hong Kong,,22.2833,114.15,,2013-08-14 14:39:00,2013-08-14,2013,8,14,14,39
287677,7/15/13 11:11,groucho-singapore,391287291,TCP,,6000.0,1433.0,23.82.145.251,US,United States,Arizona,33.6748,-111.9519,,2013-07-15 11:11:00,2013-07-15,2013,7,15,11,11
205676,6/9/13 19:16,groucho-sydney,1965668466,TCP,,61869.0,5900.0,117.41.184.114,CN,China,Jiangxi Sheng,28.55,115.9333,,2013-06-09 19:16:00,2013-06-09,2013,6,9,19,16
353744,8/6/13 19:54,zeppo-norcal,1964368108,TCP,,6000.0,3306.0,117.21.224.236,CN,China,Jiangxi Sheng,28.55,115.9333,,2013-08-06 19:54:00,2013-08-06,2013,8,6,19,54
390658,8/21/13 8:59,groucho-us-east,2901739121,UDP,,56085.0,53.0,172.245.6.113,US,United States,New York,42.9864,-78.7279,,2013-08-21 08:59:00,2013-08-21,2013,8,21,8,59
108529,4/27/13 11:03,groucho-singapore,1885003577,TCP,,6000.0,1433.0,112.90.223.57,CN,China,Guangdong,23.1167,113.25,,2013-04-27 11:03:00,2013-04-27,2013,4,27,11,3
323507,7/25/13 2:51,groucho-oregon,987577503,TCP,,6000.0,7080.0,58.221.60.159,CN,China,Jiangsu Sheng,32.0617,118.7778,,2013-07-25 02:51:00,2013-07-25,2013,7,25,2,51
374243,8/14/13 8:17,groucho-singapore,3417478163,ICMP,8.0,,,203.178.148.19,JP,Japan,,35.69,139.69,,2013-08-14 08:17:00,2013-08-14,2013,8,14,8,17
213759,6/13/13 17:35,groucho-singapore,835560578,TCP,,46999.0,1433.0,49.205.164.130,IN,India,State of Andhra Pradesh,17.3753,78.4744,,2013-06-13 17:35:00,2013-06-13,2013,6,13,17,35
12854,3/11/13 8:47,groucho-oregon,1962907907,TCP,,6000.0,1433.0,116.255.153.3,CN,China,Zhejiang Sheng,27.8456,120.4928,,2013-03-11 08:47:00,2013-03-11,2013,3,11,8,47
266419,7/7/13 8:40,groucho-oregon,3235001619,TCP,,6000.0,1433.0,192.210.53.19,US,United States,California,34.0115,-117.8535,,2013-07-07 08:40:00,2013-07-07,2013,7,7,8,40
301224,7/21/13 5:13,groucho-singapore,22883060,TCP,,6000.0,1433.0,1.93.42.244,CN,China,Beijing Shi,39.9289,116.3883,,2013-07-21 05:13:00,2013-07-21,2013,7,21,5,13
161428,5/19/13 19:01,groucho-sydney,2385951986,TCP,,6000.0,1433.0,142.54.188.242,US,United States,Missouri,39.1472,-94.5735,,2013-05-19 19:01:00,2013-05-19,2013,5,19,19,1
358262,8/8/13 11:29,groucho-sydney,1966363237,TCP,,30675.0,10000.0,117.52.82.101,KR,South Korea,Seoul,37.5985,126.9783,,2013-08-08 11:29:00,2013-08-08,2013,8,8,11,29
49356,3/29/13 21:58,groucho-sa,3032307684,TCP,,3752.0,21.0,180.189.87.228,KR,South Korea,North Gyeongsang,36.0322,129.365,,2013-03-29 21:58:00,2013-03-29,2013,3,29,21,58
303023,7/22/13 2:19,groucho-oregon,3719565982,TCP,,6000.0,1433.0,221.180.18.158,CN,China,,35.0,105.0,,2013-07-22 02:19:00,2013-07-22,2013,7,22,2,19
434843,9/1/13 15:11,groucho-tokyo,3736740375,TCP,,6000.0,1024.0,222.186.34.23,CN,China,Jiangsu Sheng,32.0617,118.7778,,2013-09-01 15:11:00,2013-09-01,2013,9,1,15,11
398187,8/24/13 16:44,groucho-eu,1915077060,TCP,,62785.0,445.0,114.37.193.196,TW,Taiwan,Taipei,25.0392,121.525,,2013-08-24 16:44:00,2013-08-24,2013,8,24,16,44
151617,5/16/13 13:13,groucho-tokyo,1627302658,TCP,,44729.0,6588.0,96.254.171.2,US,United States,Florida,28.3031,-82.7048,,2013-05-16 13:13:00,2013-05-16,2013,5,16,13,13
194909,6/4/13 9:55,groucho-norcal,3729328788,TCP,,6000.0,1080.0,222.73.10.148,CN,China,Shanghai Shi,31.0456,121.3997,,2013-06-04 09:55:00,2013-06-04,2013,6,4,9,55
188279,6/1/13 5:08,groucho-sa,3736746816,TCP,,6000.0,1433.0,222.186.59.64,CN,China,Jiangsu Sheng,32.0617,118.7778,,2013-06-01 05:08:00,2013-06-01,2013,6,1,5,8
329619,7/27/13 14:47,groucho-tokyo,3201073362,TCP,,4803.0,445.0,190.204.128.210,VE,Venezuela,,8.0,-66.0,,2013-07-27 14:47:00,2013-07-27,2013,7,27,14,47
419746,8/27/13 0:21,groucho-tokyo,2945632252,UDP,,25416.0,56338.0,175.146.199.252,CN,China,Liaoning,41.7922,123.4328,,2013-08-27 00:21:00,2013-08-27,2013,8,27,0,21
432951,8/31/13 19:43,groucho-tokyo,1485074002,TCP,,3572.0,445.0,88.132.110.82,HU,Hungary,Pest megye,47.5078,19.6666,,2013-08-31 19:43:00,2013-08-31,2013,8,31,19,43
220786,6/17/13 1:27,groucho-tokyo,3366694200,TCP,,2842.0,445.0,200.171.173.56,BR,Brazil,,-10.0,-55.0,,2013-06-17 01:27:00,2013-06-17,2013,6,17,1,27
407694,8/26/13 23:46,groucho-tokyo,2945632252,UDP,,25416.0,56338.0,175.146.199.252,CN,China,Liaoning,41.7922,123.4328,,2013-08-26 23:46:00,2013-08-26,2013,8,26,23,46
416927,8/27/13 0:13,groucho-tokyo,2945632252,UDP,,25416.0,56338.0,175.146.199.252,CN,China,Liaoning,41.7922,123.4328,,2013-08-27 00:13:00,2013-08-27,2013,8,27,0,13
144827,5/13/13 7:24,groucho-norcal,3000688670,TCP,,57474.0,22.0,178.218.224.30,PL,Poland,,52.0,20.0,,2013-05-13 07:24:00,2013-05-13,2013,5,13,7,24
258853,7/3/13 19:19,groucho-oregon,1964368681,TCP,,28328.0,1433.0,117.21.227.41,CN,China,Jiangxi Sheng,28.55,115.9333,,2013-07-03 19:19:00,2013-07-03,2013,7,3,19,19
356797,8/7/13 22:20,groucho-tokyo,3417478163,ICMP,8.0,,,203.178.148.19,JP,Japan,,35.69,139.69,,2013-08-07 22:20:00,2013-08-07,2013,8,7,22,20
223487,6/18/13 8:57,groucho-singapore,1035975750,TCP,,6000.0,6675.0,61.191.188.70,CN,China,Anhui Sheng,31.8639,117.2808,,2013-06-18 08:57:00,2013-06-18,2013,6,18,8,57
307803,7/23/13 11:53,groucho-us-east,3630407259,TCP,,6000.0,1433.0,216.99.158.91,US,United States,California,34.0115,-117.8535,,2013-07-23 11:53:00,2013-07-23,2013,7,23,11,53
261952,7/5/13 5:02,groucho-oregon,692062197,TCP,,2586.0,3389.0,41.64.7.245,EG,Egypt,,27.0,30.0,,2013-07-05 05:02:00,2013-07-05,2013,7,5,5,2
180885,5/28/13 17:20,groucho-oregon,851847961,TCP,,3546.0,23.0,50.198.43.25,US,United States,Illinois,41.8816,-87.9761,,2013-05-28 17:20:00,2013-05-28,2013,5,28,17,20
143375,5/12/13 14:33,groucho-tokyo,1945102125,TCP,,6000.0,1433.0,115.239.231.45,CN,China,Zhejiang Sheng,30.2936,120.1614,,2013-05-12 14:33:00,2013-05-12,2013,5,12,14,33
63776,4/6/13 11:02,groucho-tokyo,2956823424,TCP,,2331.0,3128.0,176.61.139.128,SE,Sweden,,62.0,15.0,,2013-04-06 11:02:00,2013-04-06,2013,4,6,11,2
382131,8/17/13 15:29,groucho-tokyo,1017974357,TCP,,6000.0,8080.0,60.173.14.85,CN,China,Anhui Sheng,31.8639,117.2808,,2013-08-17 15:29:00,2013-08-17,2013,8,17,15,29
184994,5/30/13 15:22,groucho-oregon,1017973489,TCP,,6000.0,1433.0,60.173.10.241,CN,China,Beijing Shi,39.9289,116.3883,,2013-05-30 15:22:00,2013-05-30,2013,5,30,15,22
239052,6/25/13 7:08,groucho-norcal,3659255801,UDP,,2081.0,53.0,218.27.207.249,CN,China,Jilin Sheng,43.88,125.3228,,2013-06-25 07:08:00,2013-06-25,2013,6,25,7,8
423623,8/27/13 18:53,groucho-tokyo,3571554078,TCP,,45777.0,445.0,212.225.151.30,ES,Spain,,40.0,-4.0,,2013-08-27 18:53:00,2013-08-27,2013,8,27,18,53
420905,8/27/13 0:25,groucho-tokyo,2945632252,UDP,,25416.0,56338.0,175.146.199.252,CN,China,Liaoning,41.7922,123.4328,,2013-08-27 00:25:00,2013-08-27,2013,8,27,0,25
218874,6/16/13 4:42,groucho-eu,2055380571,UDP,,54693.0,32452.0,122.130.158.91,JP,Japan,,35.69,139.69,,2013-06-16 04:42:00,2013-06-16,2013,6,16,4,42
262397,7/5/13 10:43,groucho-oregon,1962432709,TCP,,6000.0,1433.0,116.248.88.197,CN,China,Yunnan,25.0389,102.7183,,2013-07-05 10:43:00,2013-07-05,2013,7,5,10,43
64595,4/6/13 21:26,groucho-tokyo,3429709234,TCP,,48796.0,445.0,204.109.53.178,US,United States,Virginia,37.6211,-77.6515,,2013-04-06 21:26:00,2013-04-06,2013,4,6,21,26
332634,7/29/13 0:43,groucho-eu,782672272,UDP,,37933.0,19.0,46.166.161.144,LT,Lithuania,,56.0,24.0,,2013-07-29 00:43:00,2013-07-29,2013,7,29,0,43
234069,6/22/13 22:01,groucho-tokyo,1033073911,TCP,,6000.0,1433.0,61.147.116.247,CN,China,Jiangsu Sheng,32.0617,118.7778,,2013-06-22 22:01:00,2013-06-22,2013,6,22,22,1
195759,6/4/13 20:08,groucho-oregon,1931225459,TCP,,6000.0,1433.0,115.28.41.115,CN,China,Beijing Shi,39.9289,116.3883,,2013-06-04 20:08:00,2013-06-04,2013,6,4,20,8
475,3/4/13 6:05,groucho-singapore,3549415508,TCP,,27063.0,3389.0,211.143.200.84,CN,China,Fujian,26.0614,119.3061,,2013-03-04 06:05:00,2013-03-04,2013,3,4,6,5
169214,5/23/13 11:47,groucho-oregon,1279880237,TCP,,6000.0,1433.0,76.73.108.45,US,United States,Colorado,39.7525,-104.9995,,2013-05-23 11:47:00,2013-05-23,2013,5,23,11,47
326782,7/26/13 8:15,groucho-norcal,3736738067,TCP,,6000.0,8088.0,222.186.25.19,CN,China,Jiangsu Sheng,32.0617,118.7778,,2013-07-26 08:15:00,2013-07-26,2013,7,26,8,15
387152,8/19/13 20:22,zeppo-norcal,1248905816,TCP,,47020.0,80.0,74.112.202.88,US,United States,Maryland,39.2434,-76.6803,,2013-08-19 20:22:00,2013-08-19,2013,8,19,20,22
396058,8/23/13 18:12,groucho-singapore,3670609093,TCP,,31012.0,3389.0,218.201.12.197,CN,China,Chongqing Shi,29.5628,106.5528,,2013-08-23 18:12:00,2013-08-23,2013,8,23,18,12
313214,7/24/13 7:48,groucho-tokyo,45792730,UDP,,10100.0,2193.0,2.186.189.218,IR,Iran,East Azarbaijan,38.08,46.2919,,2013-07-24 07:48:00,2013-07-24,2013,7,24,7,48
227448,6/19/13 21:10,groucho-tokyo,1534668807,TCP,,2748.0,445.0,91.121.48.7,FR,France,,48.86,2.35,,2013-06-19 21:10:00,2013-06-19,2013,6,19,21,10
295712,7/18/13 21:27,groucho-tokyo,3736746437,TCP,,6000.0,8080.0,222.186.57.197,CN,China,Jiangsu Sheng,32.0617,118.7778,,2013-07-18 21:27:00,2013-07-18,2013,7,18,21,27
356632,8/7/13 21:13,groucho-sa,1017973654,TCP,,6000.0,8005.0,60.173.11.150,CN,China,Anhui Sheng,31.8639,117.2808,,2013-08-07 21:13:00,2013-08-07,2013,8,7,21,13
302665,7/21/13 22:34,groucho-sa,2073504317,TCP,,12202.0,9999.0,123.151.42.61,CN,China,Tianjin Shi,39.1422,117.1767,,2013-07-21 22:34:00,2013-07-21,2013,7,21,22,34
227219,6/19/13 18:00,groucho-us-east,1285874010,TCP,,49483.0,80.0,76.164.225.90,US,United States,Nevada,36.0877,-115.1485,,2013-06-19 18:00:00,2013-06-19,2013,6,19,18,0
332186,7/28/13 19:56,groucho-tokyo,2148116578,ICMP,8.0,,,128.9.168.98,US,United States,California,33.9777,-118.4351,,2013-07-28 19:56:00,2013-07-28,2013,7,28,19,56
232104,6/22/13 0:27,groucho-oregon,3661700674,TCP,,6000.0,1433.0,218.65.30.66,CN,China,Jiangxi Sheng,28.55,115.9333,,2013-06-22 00:27:00,2013-06-22,2013,6,22,0,27
152509,5/16/13 22:41,groucho-sydney,1095489542,TCP,,60362.0,25.0,65.75.216.6,,,,,,,2013-05-16 22:41:00,2013-05-16,2013,5,16,22,41
326367,7/26/13 5:14,groucho-singapore,2148116578,ICMP,8.0,,,128.9.168.98,US,United States,California,33.9777,-118.4351,,2013-07-26 05:14:00,2013-07-26,2013,7,26,5,14
107842,4/27/13 3:13,groucho-tokyo,3082502591,TCP,,6000.0,3389.0,183.187.65.191,CN,China,Shanxi Sheng,37.7269,112.4708,,2013-04-27 03:13:00,2013-04-27,2013,4,27,3,13
255649,7/2/13 7:03,groucho-singapore,3662600572,TCP,,3557.0,135.0,218.78.217.124,CN,China,Shanghai Shi,31.0456,121.3997,,2013-07-02 07:03:00,2013-07-02,2013,7,2,7,3
18197,3/14/13 7:15,groucho-tokyo,1020693322,TCP,,25708.0,3389.0,60.214.139.74,CN,China,Shandong Sheng,36.6683,116.9972,,2013-03-14 07:15:00,2013-03-14,2013,3,14,7,15
373313,8/14/13 0:02,groucho-eu,1896603229,TCP,,6000.0,1433.0,113.11.222.93,CN,China,Beijing Shi,39.9289,116.3883,,2013-08-14 00:02:00,2013-08-14,2013,8,14,0,2
12776,3/11/13 7:51,groucho-tokyo,2997145175,TCP,,2657.0,445.0,178.164.206.87,HU,Hungary,Budapest fovaros,47.5,19.0833,,2013-03-11 07:51:00,2013-03-11,2013,3,11,7,51
434123,9/1/13 8:17,groucho-oregon,2061778999,TCP,,6000.0,1433.0,122.228.64.55,CN,China,Zhejiang Sheng,27.9994,120.6668,,2013-09-01 08:17:00,2013-09-01,2013,9,1,8,17
405644,8/26/13 23:40,groucho-tokyo,2945632252,UDP,,25416.0,56338.0,175.146.199.252,CN,China,Liaoning,41.7922,123.4328,,2013-08-26 23:40:00,2013-08-26,2013,8,26,23,40
294345,7/18/13 7:21,groucho-oregon,3029988742,TCP,,6000.0,1433.0,180.153.245.134,CN,China,Shanghai Shi,31.0456,121.3997,,2013-07-18 07:21:00,2013-07-18,2013,7,18,7,21
111828,4/28/13 19:59,groucho-sa,3342555144,ICMP,3.0,,,199.59.88.8,US,United States,Michigan,42.5065,-83.3491,,2013-04-28 19:59:00,2013-04-28,2013,4,28,19,59
349842,8/5/13 2:49,groucho-oregon,1509466333,UDP,,59709.0,19.0,89.248.160.221,NL,Netherlands,,52.5,5.75,,2013-08-05 02:49:00,2013-08-05,2013,8,5,2,49
212751,6/13/13 5:31,groucho-singapore,995850559,TCP,,1472.0,445.0,59.91.121.63,IN,India,,20.0,77.0,,2013-06-13 05:31:00,2013-06-13,2013,6,13,5,31
307236,7/23/13 8:30,groucho-us-east,1314728874,TCP,,1792.0,3389.0,78.93.43.170,SA,Saudi Arabia,,25.0,45.0,,2013-07-23 08:30:00,2013-07-23,2013,7,23,8,30
281148,7/12/13 18:04,groucho-tokyo,3740270261,TCP,,6000.0,8080.0,222.239.254.181,KR,South Korea,Seoul,37.5985,126.9783,,2013-07-12 18:04:00,2013-07-12,2013,7,12,18,4
38513,3/24/13 4:57,groucho-oregon,2382656209,TCP,,6000.0,1433.0,142.4.114.209,US,United States,California,37.3887,-122.0188,,2013-03-24 04:57:00,2013-03-24,2013,3,24,4,57
205370,6/9/13 16:14,groucho-oregon,3661339456,TCP,,6000.0,3306.0,218.59.155.64,CN,China,Shandong Sheng,36.6683,116.9972,,2013-06-09 16:14:00,2013-06-09,2013,6,9,16,14
302661,7/21/13 22:29,groucho-sydney,3031576445,TCP,,29337.0,3389.0,180.178.47.125,HK,Hong Kong,,22.25,114.1667,,2013-07-21 22:29:00,2013-07-21,2013,7,21,22,29
45912,3/27/13 23:49,groucho-oregon,3689613428,TCP,,6000.0,1433.0,219.235.8.116,CN,China,Beijing Shi,39.9289,116.3883,,2013-03-27 23:49:00,2013-03-27,2013,3,27,23,49
195908,6/4/13 22:17,groucho-sydney,1033953142,TCP,,6000.0,1433.0,61.160.223.118,CN,China,Jiangsu Sheng,32.0617,118.7778,,2013-06-04 22:17:00,2013-06-04,2013,6,4,22,17
125070,5/4/13 19:50,groucho-oregon,3322765371,TCP,,6000.0,135.0,198.13.96.59,US,United States,California,34.0115,-117.8535,,2013-05-04 19:50:00,2013-05-04,2013,5,4,19,50
283131,7/13/13 15:37,groucho-singapore,2169670188,ICMP,8.0,,,129.82.138.44,US,United States,Colorado,40.4555,-105.4648,,2013-07-13 15:37:00,2013-07-13,2013,7,13,15,37
253514,7/1/13 7:37,zeppo-norcal,1390241457,TCP,,47642.0,8443.0,82.221.102.177,IS,Iceland,,65.0,-18.0,,2013-07-01 07:37:00,2013-07-01,2013,7,1,7,37
42495,3/26/13 4:25,zeppo-norcal,1113268336,UDP,,39439.0,31522.0,66.91.32.112,US,United States,Hawaii,21.343000000000004,-157.9349,,2013-03-26 04:25:00,2013-03-26,2013,3,26,4,25
106798,4/26/13 15:31,groucho-tokyo,3586068842,TCP,,3673.0,445.0,213.191.17.106,RU,Russia,,60.0,100.0,,2013-04-26 15:31:00,2013-04-26,2013,4,26,15,31
255671,7/2/13 7:27,groucho-oregon,1931223615,TCP,,6000.0,1433.0,115.28.34.63,CN,China,Beijing Shi,39.9289,116.3883,,2013-07-02 07:27:00,2013-07-02,2013,7,2,7,27
332706,7/29/13 1:34,groucho-sydney,1249296683,UDP,,55667.0,53.0,74.118.193.43,US,United States,Pennsylvania,41.4486,-75.72800000000001,,2013-07-29 01:34:00,2013-07-29,2013,7,29,1,34
216552,6/15/13 2:45,groucho-tokyo,1019194042,TCP,,6000.0,3306.0,60.191.170.186,CN,China,Jiangsu Sheng,32.4907,119.9081,,2013-06-15 02:45:00,2013-06-15,2013,6,15,2,45
28182,3/19/13 6:02,groucho-sa,3197330940,TCP,,2345.0,23.0,190.147.101.252,CO,Colombia,,4.0,-72.0,,2013-03-19 06:02:00,2013-03-19,2013,3,19,6,2
451388,9/8/13 4:18,groucho-norcal,3630405653,TCP,,6000.0,3306.0,216.99.152.21,US,United States,California,34.0115,-117.8535,,2013-09-08 04:18:00,2013-09-08,2013,9,8,4,18
178720,5/27/13 18:29,groucho-tokyo,3078728787,TCP,,36147.0,22.0,183.129.172.83,CN,China,Zhejiang Sheng,30.2936,120.1614,,2013-05-27 18:29:00,2013-05-27,2013,5,27,18,29
221476,6/17/13 9:08,groucho-tokyo,1486274939,TCP,,4615.0,445.0,88.150.193.123,GB,United Kingdom,,51.5,-0.13,,2013-06-17 09:08:00,2013-06-17,2013,6,17,9,8
45330,3/27/13 15:29,groucho-us-east,842945104,TCP,,63910.0,80.0,50.62.82.80,US,United States,Arizona,33.6119,-111.8906,,2013-03-27 15:29:00,2013-03-27,2013,3,27,15,29
396290,8/23/13 20:55,groucho-tokyo,2148116578,ICMP,8.0,,,128.9.168.98,US,United States,California,33.9777,-118.4351,,2013-08-23 20:55:00,2013-08-23,2013,8,23,20,55
310691,7/24/13 7:46,groucho-tokyo,45792730,UDP,,10100.0,2193.0,2.186.189.218,IR,Iran,East Azarbaijan,38.08,46.2919,,2013-07-24 07:46:00,2013-07-24,2013,7,24,7,46
309103,7/23/13 19:40,groucho-singapore,1965620642,TCP,,6000.0,1433.0,117.40.253.162,CN,China,Jiangxi Sheng,28.55,115.9333,,2013-07-23 19:40:00,2013-07-23,2013,7,23,19,40
99537,4/23/13 8:50,groucho-singapore,3530843097,TCP,,62286.0,3389.0,210.116.99.217,KR,South Korea,,37.57,126.98,,2013-04-23 08:50:00,2013-04-23,2013,4,23,8,50
25,3/3/13 22:40,groucho-tokyo,3305593070,TCP,,3009.0,445.0,197.7.88.238,TN,Tunisia,,34.0,9.0,,2013-03-03 22:40:00,2013-03-03,2013,3,3,22,40
214849,6/14/13 5:53,groucho-eu,1486275357,UDP,,48079.0,53.0,88.150.195.29,GB,United Kingdom,,51.5,-0.13,,2013-06-14 05:53:00,2013-06-14,2013,6,14,5,53
146096,5/13/13 20:47,groucho-singapore,3162398037,TCP,,56681.0,22.0,188.126.93.85,SE,Sweden,,62.0,15.0,,2013-05-13 20:47:00,2013-05-13,2013,5,13,20,47
436779,9/2/13 10:10,groucho-tokyo,1990282755,TCP,,6000.0,25.0,118.161.78.3,TW,Taiwan,Taipei,25.0392,121.525,,2013-09-02 10:10:00,2013-09-02,2013,9,2,10,10
11827,3/10/13 19:06,groucho-singapore,3736745024,TCP,,6000.0,1433.0,222.186.52.64,CN,China,Jiangsu Sheng,32.0617,118.7778,,2013-03-10 19:06:00,2013-03-10,2013,3,10,19,6
212532,6/13/13 2:04,groucho-singapore,1246934046,TCP,,6000.0,3306.0,74.82.180.30,US,United States,California,37.3501,-121.9854,,2013-06-13 02:04:00,2013-06-13,2013,6,13,2,4
310743,7/24/13 7:46,groucho-tokyo,45792730,UDP,,10100.0,2193.0,2.186.189.218,IR,Iran,East Azarbaijan,38.08,46.2919,,2013-07-24 07:46:00,2013-07-24,2013,7,24,7,46
44051,3/26/13 23:18,groucho-singapore,3235001174,TCP,,6000.0,1433.0,192.210.51.86,US,United States,California,34.0115,-117.8535,,2013-03-26 23:18:00,2013-03-26,2013,3,26,23,18
83505,4/16/13 15:08,groucho-oregon,710978957,TCP,,6000.0,1433.0,42.96.173.141,CN,China,Beijing Shi,39.9289,116.3883,,2013-04-16 15:08:00,2013-04-16,2013,4,16,15,8
119272,5/2/13 3:37,groucho-tokyo,987577479,TCP,,6000.0,3306.0,58.221.60.135,CN,China,Jiangsu Sheng,32.0617,118.7778,,2013-05-02 03:37:00,2013-05-02,2013,5,2,3,37
72618,4/11/13 3:21,groucho-oregon,3736737875,TCP,,6000.0,1433.0,222.186.24.83,CN,China,Jiangsu Sheng,32.0617,118.7778,,2013-04-11 03:21:00,2013-04-11,2013,4,11,3,21
338514,7/31/13 12:54,groucho-singapore,1964368836,TCP,,6000.0,1433.0,117.21.227.196,CN,China,Jiangxi Sheng,28.55,115.9333,,2013-07-31 12:54:00,2013-07-31,2013,7,31,12,54
217448,6/15/13 12:48,groucho-singapore,1931225647,TCP,,6000.0,1433.0,115.28.42.47,CN,China,Beijing Shi,39.9289,116.3883,,2013-06-15 12:48:00,2013-06-15,2013,6,15,12,48
49169,3/29/13 19:19,groucho-oregon,3235004413,TCP,,6000.0,1433.0,192.210.63.253,US,United States,California,34.0115,-117.8535,,2013-03-29 19:19:00,2013-03-29,2013,3,29,19,19
200584,6/7/13 4:28,groucho-oregon,22879044,TCP,,6000.0,1433.0,1.93.27.68,CN,China,Beijing Shi,39.9289,116.3883,,2013-06-07 04:28:00,2013-06-07,2013,6,7,4,28
30095,3/20/13 1:28,groucho-norcal,3098141674,TCP,,47065.0,443.0,184.169.227.234,US,United States,California,37.3394,-121.895,,2013-03-20 01:28:00,2013-03-20,2013,3,20,1,28
112199,4/28/13 23:33,groucho-singapore,2169670188,ICMP,8.0,,,129.82.138.44,US,United States,Colorado,40.4555,-105.4648,,2013-04-28 23:33:00,2013-04-28,2013,4,28,23,33
8405,3/8/13 19:47,groucho-oregon,3707907034,TCP,,4302.0,3389.0,221.2.43.218,CN,China,Shandong Sheng,36.6683,116.9972,,2013-03-08 19:47:00,2013-03-08,2013,3,8,19,47
313503,7/24/13 7:48,groucho-tokyo,45792730,UDP,,10100.0,2193.0,2.186.189.218,IR,Iran,East Azarbaijan,38.08,46.2919,,2013-07-24 07:48:00,2013-07-24,2013,7,24,7,48
90570,4/19/13 16:00,groucho-eu,238304140,UDP,,55698.0,3544.0,14.52.59.140,KR,South Korea,Seoul,37.5985,126.9783,,2013-04-19 16:00:00,2013-04-19,2013,4,19,16,0
33438,3/21/13 8:09,groucho-oregon,1033071651,TCP,,6000.0,3306.0,61.147.108.35,CN,China,Jiangsu Sheng,32.0617,118.7778,,2013-03-21 08:09:00,2013-03-21,2013,3,21,8,9
313243,7/24/13 7:48,groucho-tokyo,45792730,UDP,,10100.0,2193.0,2.186.189.218,IR,Iran,East Azarbaijan,38.08,46.2919,,2013-07-24 07:48:00,2013-07-24,2013,7,24,7,48
143700,5/12/13 17:58,groucho-singapore,1038108990,UDP,,40332.0,38161.0,61.224.73.62,TW,Taiwan,Taipei,25.0392,121.525,,2013-05-12 17:58:00,2013-05-12,2013,5,12,17,58
434927,9/1/13 16:20,groucho-sa,980204117,TCP,,37253.0,23.0,58.108.186.85,AU,Australia,New South Wales,-33.8615,151.2055,,2013-09-01 16:20:00,2013-09-01,2013,9,1,16,20
222114,6/17/13 16:43,groucho-tokyo,3736989419,TCP,,6000.0,1433.0,222.189.238.235,CN,China,Jiangsu Sheng,32.0617,118.7778,,2013-06-17 16:43:00,2013-06-17,2013,6,17,16,43
334496,7/29/13 20:06,groucho-singapore,1964368782,TCP,,6000.0,6666.0,117.21.227.142,CN,China,Jiangxi Sheng,28.55,115.9333,,2013-07-29 20:06:00,2013-07-29,2013,7,29,20,6
376779,8/15/13 7:35,groucho-singapore,2148116578,ICMP,8.0,,,128.9.168.98,US,United States,California,33.9777,-118.4351,,2013-08-15 07:35:00,2013-08-15,2013,8,15,7,35
173102,5/25/13 4:35,groucho-norcal,1019194106,TCP,,6000.0,3306.0,60.191.170.250,CN,China,Jiangsu Sheng,32.4907,119.9081,,2013-05-25 04:35:00,2013-05-25,2013,5,25,4,35
11492,3/10/13 14:17,groucho-singapore,1987837869,TCP,,6000.0,1433.0,118.123.255.173,CN,China,Sichuan Sheng,30.6667,104.0667,,2013-03-10 14:17:00,2013-03-10,2013,3,10,14,17
414139,8/27/13 0:05,groucho-tokyo,2945632252,UDP,,25416.0,56338.0,175.146.199.252,CN,China,Liaoning,41.7922,123.4328,,2013-08-27 00:05:00,2013-08-27,2013,8,27,0,5
92373,4/20/13 10:10,groucho-oregon,3736853880,TCP,,6000.0,1433.0,222.187.221.120,CN,China,Jiangsu Sheng,32.0617,118.7778,,2013-04-20 10:10:00,2013-04-20,2013,4,20,10,10
385367,8/19/13 1:05,groucho-singapore,2061657656,TCP,,6000.0,1433.0,122.226.102.56,CN,China,Zhejiang Sheng,30.2936,120.1614,,2013-08-19 01:05:00,2013-08-19,2013,8,19,1,5
406951,8/26/13 23:44,groucho-tokyo,2945632252,UDP,,25416.0,56338.0,175.146.199.252,CN,China,Liaoning,41.7922,123.4328,,2013-08-26 23:44:00,2013-08-26,2013,8,26,23,44
403324,8/26/13 22:36,groucho-tokyo,2945632252,UDP,,25416.0,56338.0,175.146.199.252,CN,China,Liaoning,41.7922,123.4328,,2013-08-26 22:36:00,2013-08-26,2013,8,26,22,36
322756,7/24/13 19:06,groucho-oregon,1449303707,TCP,,4578.0,3389.0,86.98.158.155,AE,United Arab Emirates,Ash Shariqah,25.3573,55.4033,,2013-07-24 19:06:00,2013-07-24,2013,7,24,19,6
311256,7/24/13 7:47,groucho-tokyo,45792730,UDP,,10100.0,2193.0,2.186.189.218,IR,Iran,East Azarbaijan,38.08,46.2919,,2013-07-24 07:47:00,2013-07-24,2013,7,24,7,47
34412,3/21/13 20:20,zeppo-norcal,1564481501,TCP,,36793.0,3389.0,93.64.23.221,IT,Italy,Provincia di Varese,45.6167,8.85,,2013-03-21 20:20:00,2013-03-21,2013,3,21,20,20
266392,7/7/13 8:11,groucho-us-east,3076197948,TCP,,13851.0,1025.0,183.91.14.60,VN,Vietnam,,16.0,106.0,,2013-07-07 08:11:00,2013-07-07,2013,7,7,8,11
404124,8/26/13 23:03,groucho-tokyo,2945632252,UDP,,25416.0,56338.0,175.146.199.252,CN,China,Liaoning,41.7922,123.4328,,2013-08-26 23:03:00,2013-08-26,2013,8,26,23,3
169046,5/23/13 9:46,groucho-oregon,1867181968,TCP,,6000.0,1433.0,111.74.239.144,CN,China,Jiangxi Sheng,28.55,115.9333,,2013-05-23 09:46:00,2013-05-23,2013,5,23,9,46
126915,5/5/13 14:21,groucho-eu,2918349728,UDP,,5302.0,5060.0,173.242.123.160,US,United States,Pennsylvania,41.4486,-75.72800000000001,,2013-05-05 14:21:00,2013-05-05,2013,5,5,14,21
93083,4/20/13 16:40,groucho-singapore,3736734818,TCP,,6000.0,1433.0,222.186.12.98,CN,China,Jiangsu Sheng,32.0617,118.7778,,2013-04-20 16:40:00,2013-04-20,2013,4,20,16,40
400229,8/25/13 16:36,groucho-tokyo,2148116578,ICMP,8.0,,,128.9.168.98,US,United States,California,33.9777,-118.4351,,2013-08-25 16:36:00,2013-08-25,2013,8,25,16,36
246718,6/28/13 10:03,groucho-tokyo,1249558649,TCP,,1714.0,445.0,74.122.192.121,US,United States,Illinois,41.878,-88.0163,,2013-06-28 10:03:00,2013-06-28,2013,6,28,10,3
58096,4/3/13 12:33,groucho-sydney,977578121,TCP,,15534.0,22.0,58.68.168.137,CN,China,Beijing Shi,39.9289,116.3883,,2013-04-03 12:33:00,2013-04-03,2013,4,3,12,33
423218,8/27/13 15:23,groucho-singapore,1017977591,TCP,,11064.0,80.0,60.173.26.247,CN,China,Anhui Sheng,31.8639,117.2808,,2013-08-27 15:23:00,2013-08-27,2013,8,27,15,23
248286,6/29/13 2:38,groucho-sa,3721181705,UDP,,53.0,14228.0,221.204.186.9,CN,China,Shanxi Sheng,37.7269,112.4708,,2013-06-29 02:38:00,2013-06-29,2013,6,29,2,38
264289,7/6/13 7:52,groucho-tokyo,2069638117,TCP,,3677.0,445.0,123.92.43.229,CN,China,Beijing Shi,39.9289,116.3883,,2013-07-06 07:52:00,2013-07-06,2013,7,6,7,52
319233,7/24/13 7:54,groucho-tokyo,45792730,UDP,,10100.0,2193.0,2.186.189.218,IR,Iran,East Azarbaijan,38.08,46.2919,,2013-07-24 07:54:00,2013-07-24,2013,7,24,7,54
378436,8/16/13 0:15,groucho-oregon,921996449,ICMP,8.0,,,54.244.140.161,US,United States,Oregon,45.7788,-119.529,,2013-08-16 00:15:00,2013-08-16,2013,8,16,0,15
18440,3/14/13 10:39,groucho-oregon,2031888486,TCP,,6000.0,1433.0,121.28.40.102,CN,China,Hebei,39.8897,115.275,,2013-03-14 10:39:00,2013-03-14,2013,3,14,10,39
375512,8/14/13 19:49,groucho-oregon,3736745009,TCP,,6000.0,8080.0,222.186.52.49,CN,China,Jiangsu Sheng,32.0617,118.7778,,2013-08-14 19:49:00,2013-08-14,2013,8,14,19,49
55299,4/2/13 0:43,groucho-tokyo,3705804340,TCP,,35918.0,80.0,220.226.22.52,IN,India,State of Maharashtra,18.975,72.8258,,2013-04-02 00:43:00,2013-04-02,2013,4,2,0,43
329974,7/27/13 18:35,groucho-tokyo,1388334061,TCP,,50445.0,5900.0,82.192.75.237,NL,Netherlands,North Holland,52.35,4.9167,,2013-07-27 18:35:00,2013-07-27,2013,7,27,18,35
176678,5/26/13 19:50,groucho-eu,773071726,TCP,,2883.0,25.0,46.20.35.110,DE,Germany,,51.0,9.0,,2013-05-26 19:50:00,2013-05-26,2013,5,26,19,50
340438,8/1/13 10:53,groucho-oregon,3235003569,TCP,,6000.0,1433.0,192.210.60.177,US,United States,California,34.0115,-117.8535,,2013-08-01 10:53:00,2013-08-01,2013,8,1,10,53
183214,5/29/13 16:43,groucho-oregon,1931223813,TCP,,6000.0,1433.0,115.28.35.5,CN,China,Beijing Shi,39.9289,116.3883,,2013-05-29 16:43:00,2013-05-29,2013,5,29,16,43
150694,5/16/13 2:32,groucho-eu,2955063287,TCP,,41351.0,443.0,176.34.175.247,IE,Ireland,,53.0,-8.0,,2013-05-16 02:32:00,2013-05-16,2013,5,16,2,32
233966,6/22/13 20:37,groucho-oregon,3740323914,TCP,,1869.0,1433.0,222.240.208.74,CN,China,Hunan,28.1792,113.1136,,2013-06-22 20:37:00,2013-06-22,2013,6,22,20,37
236591,6/24/13 2:16,groucho-singapore,3325323283,TCP,,6000.0,1433.0,198.52.104.19,US,United States,California,34.4065,-118.4015,,2013-06-24 02:16:00,2013-06-24,2013,6,24,2,16
3416,3/5/13 22:49,groucho-us-east,1856701163,UDP,,44444.0,54521.0,110.171.2.235,TH,Thailand,,15.0,100.0,,2013-03-05 22:49:00,2013-03-05,2013,3,5,22,49
283418,7/13/13 17:41,groucho-norcal,2061621696,UDP,,53.0,15378.0,122.225.217.192,CN,China,Zhejiang Sheng,30.2936,120.1614,,2013-07-13 17:41:00,2013-07-13,2013,7,13,17,41
296351,7/19/13 4:24,groucho-oregon,1823208982,TCP,,6000.0,1433.0,108.171.246.22,US,United States,California,34.0115,-117.8535,,2013-07-19 04:24:00,2013-07-19,2013,7,19,4,24
410796,8/26/13 23:55,groucho-tokyo,2945632252,UDP,,25416.0,56338.0,175.146.199.252,CN,China,Liaoning,41.7922,123.4328,,2013-08-26 23:55:00,2013-08-26,2013,8,26,23,55
261136,7/4/13 20:39,groucho-tokyo,1460120804,TCP,,38320.0,445.0,87.7.172.228,IT,Italy,Provincia di Palermo,37.8167,13.3,,2013-07-04 20:39:00,2013-07-04,2013,7,4,20,39
26532,3/18/13 9:44,groucho-eu,3162075597,TCP,,60900.0,22.0,188.121.113.205,IR,Iran,Ostan-e Hamadan,35.4639,48.8763,,2013-03-18 09:44:00,2013-03-18,2013,3,18,9,44
311656,7/24/13 7:47,groucho-tokyo,45792730,UDP,,10100.0,2193.0,2.186.189.218,IR,Iran,East Azarbaijan,38.08,46.2919,,2013-07-24 07:47:00,2013-07-24,2013,7,24,7,47
181571,5/29/13 1:40,groucho-tokyo,987577514,TCP,,6000.0,1433.0,58.221.60.170,CN,China,Jiangsu Sheng,32.0617,118.7778,,2013-05-29 01:40:00,2013-05-29,2013,5,29,1,40
63132,4/6/13 6:00,groucho-norcal,3319627838,TCP,,29407.0,1084.0,197.221.128.62,UG,Uganda,,1.0,32.0,,2013-04-06 06:00:00,2013-04-06,2013,4,6,6,0
156856,5/18/13 19:13,groucho-tokyo,3705737518,UDP,,50499.0,1469.0,220.225.17.46,IN,India,State of Maharashtra,18.975,72.8258,,2013-05-18 19:13:00,2013-05-18,2013,5,18,19,13
167757,5/22/13 16:37,groucho-singapore,1317115153,TCP,,49240.0,80.0,78.129.149.17,GB,United Kingdom,,51.5,-0.13,,2013-05-22 16:37:00,2013-05-22,2013,5,22,16,37
98828,4/23/13 0:59,groucho-tokyo,1032215171,TCP,,6000.0,1433.0,61.134.90.131,CN,China,,35.0,105.0,,2013-04-23 00:59:00,2013-04-23,2013,4,23,0,59
210824,6/12/13 6:03,groucho-tokyo,1033073911,TCP,,6000.0,1433.0,61.147.116.247,CN,China,Jiangsu Sheng,32.0617,118.7778,,2013-06-12 06:03:00,2013-06-12,2013,6,12,6,3
344215,8/3/13 2:49,groucho-singapore,1661726431,UDP,,20322.0,38161.0,99.11.238.223,US,United States,Texas,32.7357,-97.1081,,2013-08-03 02:49:00,2013-08-03,2013,8,3,2,49
384375,8/18/13 14:49,groucho-us-east,1017973655,TCP,,6000.0,7777.0,60.173.11.151,CN,China,Anhui Sheng,31.8639,117.2808,,2013-08-18 14:49:00,2013-08-18,2013,8,18,14,49
290217,7/16/13 12:07,groucho-oregon,3170820932,TCP,,54550.0,5900.0,188.254.227.68,BG,Bulgaria,Sofia-Capital,42.6833,23.3167,,2013-07-16 12:07:00,2013-07-16,2013,7,16,12,7
419496,8/27/13 0:21,groucho-tokyo,2945632252,UDP,,25416.0,56338.0,175.146.199.252,CN,China,Liaoning,41.7922,123.4328,,2013-08-27 00:21:00,2013-08-27,2013,8,27,0,21
13326,3/11/13 14:56,groucho-sydney,2114959805,UDP,,21766.0,14415.0,126.15.185.189,JP,Japan,,35.69,139.69,,2013-03-11 14:56:00,2013-03-11,2013,3,11,14,56
148692,5/15/13 3:21,groucho-singapore,1945042007,TCP,,6000.0,1433.0,115.238.252.87,CN,China,Zhejiang Sheng,30.2936,120.1614,,2013-05-15 03:21:00,2013-05-15,2013,5,15,3,21
405176,8/26/13 23:39,groucho-tokyo,2945632252,UDP,,25416.0,56338.0,175.146.199.252,CN,China,Liaoning,41.7922,123.4328,,2013-08-26 23:39:00,2013-08-26,2013,8,26,23,39
316408,7/24/13 7:50,groucho-tokyo,45792730,UDP,,10100.0,2193.0,2.186.189.218,IR,Iran,East Azarbaijan,38.08,46.2919,,2013-07-24 07:50:00,2013-07-24,2013,7,24,7,50
63348,4/6/13 7:45,groucho-eu,1867181885,TCP,,6000.0,1433.0,111.74.239.61,CN,China,Jiangxi Sheng,28.55,115.9333,,2013-04-06 07:45:00,2013-04-06,2013,4,6,7,45
92374,4/20/13 10:12,groucho-tokyo,2151954123,TCP,,3261.0,445.0,128.68.54.203,RU,Russia,,60.0,100.0,,2013-04-20 10:12:00,2013-04-20,2013,4,20,10,12
369144,8/12/13 10:40,groucho-us-east,1017973047,TCP,,6000.0,6001.0,60.173.9.55,CN,China,Anhui Sheng,31.8639,117.2808,,2013-08-12 10:40:00,2013-08-12,2013,8,12,10,40
87928,4/18/13 11:08,groucho-sa,1965313213,TCP,,1295.0,110.0,117.36.76.189,CN,China,Shaanxi,34.2583,108.9286,,2013-04-18 11:08:00,2013-04-18,2013,4,18,11,8
298702,7/20/13 1:44,groucho-singapore,2382637353,TCP,,4445.0,135.0,142.4.41.41,US,United States,California,34.053000000000004,-118.2642,,2013-07-20 01:44:00,2013-07-20,2013,7,20,1,44
180922,5/28/13 17:34,groucho-us-east,1896521119,TCP,,6000.0,1433.0,113.10.157.159,HK,Hong Kong,,22.25,114.1667,,2013-05-28 17:34:00,2013-05-28,2013,5,28,17,34
135039,5/8/13 21:04,groucho-tokyo,2148116578,ICMP,8.0,,,128.9.168.98,US,United States,California,33.9777,-118.4351,,2013-05-08 21:04:00,2013-05-08,2013,5,8,21,4
429053,8/30/13 5:13,groucho-singapore,3736738315,TCP,,6000.0,1433.0,222.186.26.11,CN,China,Jiangsu Sheng,32.0617,118.7778,,2013-08-30 05:13:00,2013-08-30,2013,8,30,5,13
54177,4/1/13 9:29,groucho-eu,1867181885,TCP,,6000.0,3389.0,111.74.239.61,CN,China,Jiangxi Sheng,28.55,115.9333,,2013-04-01 09:29:00,2013-04-01,2013,4,1,9,29
327260,7/26/13 13:21,groucho-oregon,3736735723,TCP,,6000.0,1433.0,222.186.15.235,CN,China,Jiangsu Sheng,32.0617,118.7778,,2013-07-26 13:21:00,2013-07-26,2013,7,26,13,21
140416,5/11/13 6:42,groucho-eu,3587399357,TCP,,28554.0,3389.0,213.211.94.189,KZ,Kazakhstan,,48.0,68.0,,2013-05-11 06:42:00,2013-05-11,2013,5,11,6,42
178482,5/27/13 16:14,groucho-tokyo,2148116578,ICMP,8.0,,,128.9.168.98,US,United States,California,33.9777,-118.4351,,2013-05-27 16:14:00,2013-05-27,2013,5,27,16,14
376076,8/15/13 1:21,zeppo-norcal,993594378,UDP,,53.0,5517.0,59.57.12.10,CN,China,Fujian,26.0614,119.3061,,2013-08-15 01:21:00,2013-08-15,2013,8,15,1,21
167273,5/22/13 11:18,groucho-oregon,1867181968,TCP,,6000.0,1433.0,111.74.239.144,CN,China,Jiangxi Sheng,28.55,115.9333,,2013-05-22 11:18:00,2013-05-22,2013,5,22,11,18
122195,5/3/13 13:38,groucho-tokyo,3417478163,ICMP,8.0,,,203.178.148.19,JP,Japan,,35.69,139.69,,2013-05-03 13:38:00,2013-05-03,2013,5,3,13,38
191557,6/2/13 18:50,groucho-singapore,2043667537,TCP,,6000.0,1433.0,121.207.228.81,CN,China,Fujian,26.0614,119.3061,,2013-06-02 18:50:00,2013-06-02,2013,6,2,18,50
347417,8/4/13 5:22,groucho-us-east,1150395419,TCP,,37960.0,80.0,68.145.164.27,CA,Canada,Alberta,51.0833,-114.0833,,2013-08-04 05:22:00,2013-08-04,2013,8,4,5,22
332188,7/28/13 19:55,zeppo-norcal,3351288381,ICMP,3.0,,,199.192.154.61,US,United States,California,37.567,-121.9829,,2013-07-28 19:55:00,2013-07-28,2013,7,28,19,55
124838,5/4/13 17:20,groucho-oregon,987577502,TCP,,6000.0,1433.0,58.221.60.158,CN,China,Jiangsu Sheng,32.0617,118.7778,,2013-05-04 17:20:00,2013-05-04,2013,5,4,17,20
314725,7/24/13 7:48,groucho-tokyo,45792730,UDP,,10100.0,2193.0,2.186.189.218,IR,Iran,East Azarbaijan,38.08,46.2919,,2013-07-24 07:48:00,2013-07-24,2013,7,24,7,48
446214,9/6/13 5:06,groucho-oregon,2079921987,TCP,,6000.0,1433.0,123.249.23.67,CN,China,Guangdong,22.5333,114.1333,,2013-09-06 05:06:00,2013-09-06,2013,9,6,5,6
173757,5/25/13 11:21,groucho-oregon,1020249098,TCP,,6687.0,7778.0,60.207.196.10,CN,China,Beijing Shi,39.9289,116.3883,,2013-05-25 11:21:00,2013-05-25,2013,5,25,11,21
237075,6/24/13 8:02,groucho-tokyo,3653084794,TCP,,3035.0,445.0,217.189.166.122,DE,Germany,Bavaria,48.3877,10.9161,,2013-06-24 08:02:00,2013-06-24,2013,6,24,8,2
314791,7/24/13 7:48,groucho-tokyo,45792730,UDP,,10100.0,2193.0,2.186.189.218,IR,Iran,East Azarbaijan,38.08,46.2919,,2013-07-24 07:48:00,2013-07-24,2013,7,24,7,48
188715,6/1/13 9:10,groucho-sydney,2025887306,ICMP,8.0,,,120.192.150.74,CN,China,,35.0,105.0,,2013-06-01 09:10:00,2013-06-01,2013,6,1,9,10
160956,5/19/13 13:46,groucho-tokyo,2086633716,TCP,,6000.0,3306.0,124.95.128.244,CN,China,Liaoning,41.7922,123.4328,,2013-05-19 13:46:00,2013-05-19,2013,5,19,13,46
221311,6/17/13 7:09,groucho-us-east,1207868053,ICMP,8.0,,,71.254.154.149,US,United States,California,34.0256,-118.4716,,2013-06-17 07:09:00,2013-06-17,2013,6,17,7,9
202442,6/8/13 3:27,groucho-oregon,3721193359,TCP,,6000.0,1433.0,221.204.231.143,CN,China,Shanxi Sheng,37.7269,112.4708,,2013-06-08 03:27:00,2013-06-08,2013,6,8,3,27
415143,8/27/13 0:08,groucho-tokyo,2945632252,UDP,,25416.0,56338.0,175.146.199.252,CN,China,Liaoning,41.7922,123.4328,,2013-08-27 00:08:00,2013-08-27,2013,8,27,0,8
221883,6/17/13 13:28,groucho-tokyo,3417478163,ICMP,8.0,,,203.178.148.19,JP,Japan,,35.69,139.69,,2013-06-17 13:28:00,2013-06-17,2013,6,17,13,28
225431,6/19/13 7:05,groucho-oregon,1033070417,TCP,,6000.0,3306.0,61.147.103.81,CN,China,Jiangsu Sheng,32.0617,118.7778,,2013-06-19 07:05:00,2013-06-19,2013,6,19,7,5
349926,8/5/13 3:54,groucho-oregon,1033959257,TCP,,6000.0,1433.0,61.160.247.89,CN,China,Jiangsu Sheng,32.0617,118.7778,,2013-08-05 03:54:00,2013-08-05,2013,8,5,3,54
35061,3/22/13 5:08,groucho-us-east,1919735829,UDP,,62865.0,3544.0,114.108.216.21,PH,Philippines,National Capital Region,14.6488,121.0509,,2013-03-22 05:08:00,2013-03-22,2013,3,22,5,8
161831,5/19/13 23:06,groucho-us-east,3736746816,TCP,,6000.0,1433.0,222.186.59.64,CN,China,Jiangsu Sheng,32.0617,118.7778,,2013-05-19 23:06:00,2013-05-19,2013,5,19,23,6
152965,5/17/13 3:23,groucho-sa,1017977447,TCP,,9885.0,8080.0,60.173.26.103,CN,China,Anhui Sheng,31.8639,117.2808,,2013-05-17 03:23:00,2013-05-17,2013,5,17,3,23
46675,3/28/13 9:58,groucho-oregon,3328468412,TCP,,50819.0,22.0,198.100.101.188,US,United States,California,34.053000000000004,-118.2642,,2013-03-28 09:58:00,2013-03-28,2013,3,28,9,58
79741,4/14/13 21:05,groucho-us-east,2637716658,TCP,,35309.0,80.0,157.56.92.178,US,United States,Washington,47.6801,-122.1206,,2013-04-14 21:05:00,2013-04-14,2013,4,14,21,5
309813,7/24/13 0:14,groucho-singapore,3340645503,TCP,,4445.0,135.0,199.30.52.127,US,United States,Arizona,33.4319,-112.015,,2013-07-24 00:14:00,2013-07-24,2013,7,24,0,14
131429,5/7/13 11:14,groucho-singapore,1033072723,TCP,,355.0,1433.0,61.147.112.83,CN,China,Jiangsu Sheng,32.0617,118.7778,,2013-05-07 11:14:00,2013-05-07,2013,5,7,11,14
375071,8/14/13 15:33,groucho-tokyo,2989103683,TCP,,3472.0,445.0,178.42.26.67,PL,Poland,Kujawsko-Pomorskie,52.5931,19.0894,,2013-08-14 15:33:00,2013-08-14,2013,8,14,15,33
308902,7/23/13 18:13,groucho-singapore,3634254057,TCP,,4445.0,135.0,216.158.80.233,US,United States,California,34.053000000000004,-118.2642,,2013-07-23 18:13:00,2013-07-23,2013,7,23,18,13
120827,5/2/13 22:48,groucho-eu,3524086046,TCP,,36750.0,22.0,210.13.73.30,CN,China,Shanghai Shi,31.0456,121.3997,,2013-05-02 22:48:00,2013-05-02,2013,5,2,22,48
275400,7/10/13 12:32,groucho-singapore,2379512118,TCP,,40728.0,443.0,141.212.121.54,US,United States,Michigan,42.2923,-83.7145,,2013-07-10 12:32:00,2013-07-10,2013,7,10,12,32
361476,8/9/13 17:35,groucho-singapore,2013139155,TCP,,6000.0,135.0,119.254.16.211,CN,China,Beijing Shi,39.9289,116.3883,,2013-08-09 17:35:00,2013-08-09,2013,8,9,17,35
82955,4/16/13 9:05,zeppo-norcal,2061502547,TCP,,54349.0,3389.0,122.224.8.83,CN,China,Zhejiang Sheng,30.2936,120.1614,,2013-04-16 09:05:00,2013-04-16,2013,4,16,9,5
213891,6/13/13 18:52,groucho-singapore,2916153716,TCP,,6000.0,135.0,173.208.249.116,US,United States,Missouri,39.1068,-94.566,,2013-06-13 18:52:00,2013-06-13,2013,6,13,18,52
69788,4/9/13 15:53,groucho-oregon,710973990,TCP,,6000.0,1433.0,42.96.154.38,CN,China,Beijing Shi,39.9289,116.3883,,2013-04-09 15:53:00,2013-04-09,2013,4,9,15,53
255518,7/2/13 5:32,groucho-tokyo,1017974357,TCP,,6000.0,8080.0,60.173.14.85,CN,China,Anhui Sheng,31.8639,117.2808,,2013-07-02 05:32:00,2013-07-02,2013,7,2,5,32
138008,5/10/13 5:28,groucho-oregon,1033069542,TCP,,6000.0,1433.0,61.147.99.230,CN,China,Jiangsu Sheng,32.0617,118.7778,,2013-05-10 05:28:00,2013-05-10,2013,5,10,5,28
56757,4/2/13 18:54,groucho-singapore,3032095556,TCP,,6000.0,1433.0,180.186.27.68,CN,China,Beijing Shi,39.9289,116.3883,,2013-04-02 18:54:00,2013-04-02,2013,4,2,18,54
55063,4/1/13 21:19,groucho-tokyo,32130586,TCP,,6000.0,1433.0,1.234.70.26,KR,South Korea,Seoul,37.5985,126.9783,,2013-04-01 21:19:00,2013-04-01,2013,4,1,21,19
201964,6/7/13 21:14,groucho-oregon,710973396,TCP,,6000.0,1433.0,42.96.151.212,CN,China,Beijing Shi,39.9289,116.3883,,2013-06-07 21:14:00,2013-06-07,2013,6,7,21,14
221340,6/17/13 7:39,groucho-singapore,1856799460,TCP,,4496.0,1433.0,110.172.130.228,IN,India,,20.0,77.0,,2013-06-17 07:39:00,2013-06-17,2013,6,17,7,39
156101,5/18/13 12:51,groucho-singapore,3417478163,ICMP,8.0,,,203.178.148.19,JP,Japan,,35.69,139.69,,2013-05-18 12:51:00,2013-05-18,2013,5,18,12,51
83690,4/16/13 17:18,groucho-tokyo,3431735259,UDP,,47761.0,53.0,204.140.31.219,US,United States,California,38.6263,-121.2466,,2013-04-16 17:18:00,2013-04-16,2013,4,16,17,18
308892,7/23/13 18:06,groucho-us-east,1902908688,TCP,,22202.0,1723.0,113.108.21.16,CN,China,Guangdong,23.1167,113.25,,2013-07-23 18:06:00,2013-07-23,2013,7,23,18,6
155198,5/18/13 3:27,groucho-sa,1940408148,UDP,,5060.0,5060.0,115.168.71.84,CN,China,Beijing Shi,39.9289,116.3883,,2013-05-18 03:27:00,2013-05-18,2013,5,18,3,27
3709,3/6/13 3:44,groucho-oregon,2079596068,TCP,,6000.0,1433.0,123.244.30.36,CN,China,Liaoning,41.7922,123.4328,,2013-03-06 03:44:00,2013-03-06,2013,3,6,3,44
22919,3/16/13 16:35,groucho-oregon,1074765550,UDP,,5076.0,5070.0,64.15.158.238,CA,Canada,Quebec,45.5,-73.5833,,2013-03-16 16:35:00,2013-03-16,2013,3,16,16,35
60763,4/4/13 21:50,groucho-oregon,1995739688,TCP,,6000.0,3306.0,118.244.146.40,CN,China,Beijing Shi,39.9289,116.3883,,2013-04-04 21:50:00,2013-04-04,2013,4,4,21,50
19282,3/14/13 20:59,groucho-singapore,1873899495,TCP,,6000.0,1433.0,111.177.111.231,CN,China,Hubei,30.5801,114.2734,,2013-03-14 20:59:00,2013-03-14,2013,3,14,20,59
358875,8/8/13 15:27,groucho-singapore,1035552486,TCP,,6000.0,1433.0,61.185.70.230,CN,China,Shaanxi,34.2583,108.9286,,2013-08-08 15:27:00,2013-08-08,2013,8,8,15,27
271880,7/9/13 0:30,groucho-singapore,2148116578,ICMP,8.0,,,128.9.168.98,US,United States,California,33.9777,-118.4351,,2013-07-09 00:30:00,2013-07-09,2013,7,9,0,30
99981,4/23/13 11:04,groucho-oregon,710983737,TCP,,6000.0,1433.0,42.96.192.57,CN,China,Beijing Shi,39.9289,116.3883,,2013-04-23 11:04:00,2013-04-23,2013,4,23,11,4
13562,3/11/13 17:47,zeppo-norcal,92767865,TCP,,34508.0,5900.0,5.135.134.121,FR,France,,48.86,2.35,,2013-03-11 17:47:00,2013-03-11,2013,3,11,17,47
161239,5/19/13 17:16,groucho-tokyo,3741647816,TCP,,56532.0,22.0,223.5.3.200,CN,China,Beijing Shi,39.9289,116.3883,,2013-05-19 17:16:00,2013-05-19,2013,5,19,17,16
4790,3/6/13 18:41,groucho-singapore,1034194723,TCP,,6000.0,3306.0,61.164.143.35,CN,China,,35.0,105.0,,2013-03-06 18:41:00,2013-03-06,2013,3,6,18,41
234119,6/22/13 22:52,groucho-oregon,1007195915,TCP,,6000.0,3306.0,60.8.151.11,CN,China,Hebei,39.8897,115.275,,2013-06-22 22:52:00,2013-06-22,2013,6,22,22,52
431981,8/31/13 10:09,groucho-sydney,1583756261,UDP,,59812.0,19.0,94.102.51.229,NL,Netherlands,North Holland,52.35,4.9167,,2013-08-31 10:09:00,2013-08-31,2013,8,31,10,9
43084,3/26/13 11:28,groucho-norcal,462527508,ICMP,8.0,,,27.145.156.20,TH,Thailand,,15.0,100.0,,2013-03-26 11:28:00,2013-03-26,2013,3,26,11,28
397483,8/24/13 10:33,groucho-oregon,2043493621,TCP,,6000.0,1433.0,121.205.60.245,CN,China,Fujian,26.0614,119.3061,,2013-08-24 10:33:00,2013-08-24,2013,8,24,10,33
236947,6/24/13 6:43,groucho-oregon,1965668649,TCP,,6000.0,1433.0,117.41.185.41,CN,China,Jiangxi Sheng,28.55,115.9333,,2013-06-24 06:43:00,2013-06-24,2013,6,24,6,43
49118,3/29/13 18:34,groucho-tokyo,634691023,TCP,,4452.0,445.0,37.212.157.207,BY,Belarus,,53.0,28.0,,2013-03-29 18:34:00,2013-03-29,2013,3,29,18,34
200439,6/7/13 2:46,groucho-tokyo,710983818,TCP,,6000.0,1433.0,42.96.192.138,CN,China,Beijing Shi,39.9289,116.3883,,2013-06-07 02:46:00,2013-06-07,2013,6,7,2,46
217878,6/15/13 17:24,groucho-sa,635179874,UDP,,33075.0,53.0,37.220.19.98,GB,United Kingdom,,51.5,-0.13,,2013-06-15 17:24:00,2013-06-15,2013,6,15,17,24
246211,6/28/13 4:46,groucho-oregon,3322767754,TCP,,6000.0,1433.0,198.13.105.138,US,United States,California,34.0115,-117.8535,,2013-06-28 04:46:00,2013-06-28,2013,6,28,4,46
411993,8/26/13 23:59,groucho-tokyo,2945632252,UDP,,25416.0,56338.0,175.146.199.252,CN,China,Liaoning,41.7922,123.4328,,2013-08-26 23:59:00,2013-08-26,2013,8,26,23,59
34304,3/21/13 18:38,groucho-singapore,1394619794,UDP,,11734.0,26526.0,83.32.53.146,ES,Spain,Seville,37.3558,-5.9795,,2013-03-21 18:38:00,2013-03-21,2013,3,21,18,38
302062,7/21/13 14:38,groucho-singapore,3328471366,TCP,,6000.0,135.0,198.100.113.70,US,United States,California,34.053000000000004,-118.2642,,2013-07-21 14:38:00,2013-07-21,2013,7,21,14,38
8084,3/8/13 16:47,groucho-singapore,3702892698,TCP,,6000.0,1433.0,220.181.168.154,CN,China,Beijing Shi,39.9289,116.3883,,2013-03-08 16:47:00,2013-03-08,2013,3,8,16,47
223498,6/18/13 9:11,groucho-sydney,3683780686,UDP,,54790.0,5060.0,219.146.8.78,CN,China,Shandong Sheng,36.6683,116.9972,,2013-06-18 09:11:00,2013-06-18,2013,6,18,9,11
97516,4/22/13 11:56,groucho-tokyo,976969878,TCP,,1869.0,445.0,58.59.96.150,CN,China,Shandong Sheng,36.6683,116.9972,,2013-04-22 11:56:00,2013-04-22,2013,4,22,11,56
334660,7/29/13 22:11,groucho-sa,1007390094,TCP,,61092.0,23.0,60.11.141.142,CN,China,Heilongjiang Sheng,45.75,126.65,,2013-07-29 22:11:00,2013-07-29,2013,7,29,22,11
174701,5/25/13 21:28,groucho-tokyo,2982198143,TCP,,2260.0,445.0,177.192.187.127,BR,Brazil,Rio de Janeiro,-22.9,-43.2333,,2013-05-25 21:28:00,2013-05-25,2013,5,25,21,28
124798,5/4/13 16:52,groucho-singapore,1977091854,TCP,,2226.0,1433.0,117.216.7.14,IN,India,State of Tamil Nadu,8.7333,77.7,,2013-05-04 16:52:00,2013-05-04,2013,5,4,16,52
410492,8/26/13 23:55,groucho-tokyo,2945632252,UDP,,25416.0,56338.0,175.146.199.252,CN,China,Liaoning,41.7922,123.4328,,2013-08-26 23:55:00,2013-08-26,2013,8,26,23,55
239702,6/25/13 13:36,groucho-oregon,3736737998,TCP,,6000.0,7080.0,222.186.24.206,CN,China,Jiangsu Sheng,32.0617,118.7778,,2013-06-25 13:36:00,2013-06-25,2013,6,25,13,36
281215,7/12/13 18:22,groucho-norcal,3414708763,UDP,,49925.0,40938.0,203.136.82.27,JP,Japan,,35.69,139.69,,2013-07-12 18:22:00,2013-07-12,2013,7,12,18,22
74690,4/12/13 8:05,groucho-tokyo,1858271701,TCP,,1865.0,445.0,110.194.249.213,CN,China,Beijing Shi,39.9289,116.3883,,2013-04-12 08:05:00,2013-04-12,2013,4,12,8,5
308275,7/23/13 14:40,groucho-norcal,993795110,UDP,,53.0,8687.0,59.60.28.38,CN,China,Fujian,26.0614,119.3061,,2013-07-23 14:40:00,2013-07-23,2013,7,23,14,40
134392,5/8/13 14:09,groucho-singapore,1921861685,TCP,,80.0,21371.0,114.141.72.53,SG,Singapore,,1.3667,103.8,,2013-05-08 14:09:00,2013-05-08,2013,5,8,14,9
145066,5/13/13 9:42,groucho-norcal,3423402330,TCP,,42567.0,25.0,204.12.249.90,US,United States,Missouri,39.1068,-94.566,,2013-05-13 09:42:00,2013-05-13,2013,5,13,9,42
41860,3/25/13 20:34,groucho-singapore,1081617421,TCP,,4445.0,135.0,64.120.44.13,US,United States,Arizona,33.6748,-111.9519,,2013-03-25 20:34:00,2013-03-25,2013,3,25,20,34
252706,7/1/13 0:12,groucho-sa,1017973365,TCP,,6000.0,80.0,60.173.10.117,CN,China,Beijing Shi,39.9289,116.3883,,2013-07-01 00:12:00,2013-07-01,2013,7,1,0,12
346147,8/3/13 23:20,groucho-sydney,3418789840,TCP,,3980.0,1433.0,203.198.151.208,HK,Hong Kong,,22.2833,114.15,,2013-08-03 23:20:00,2013-08-03,2013,8,3,23,20
321648,7/24/13 7:56,groucho-tokyo,45792730,UDP,,10100.0,2193.0,2.186.189.218,IR,Iran,East Azarbaijan,38.08,46.2919,,2013-07-24 07:56:00,2013-07-24,2013,7,24,7,56
366956,8/11/13 20:57,groucho-us-east,1150395419,TCP,,3687.0,80.0,68.145.164.27,CA,Canada,Alberta,51.0833,-114.0833,,2013-08-11 20:57:00,2013-08-11,2013,8,11,20,57
169436,5/23/13 13:56,groucho-tokyo,3227463213,TCP,,3359.0,445.0,192.95.46.45,CA,Canada,Quebec,45.5078,-73.5804,,2013-05-23 13:56:00,2013-05-23,2013,5,23,13,56
374873,8/14/13 13:52,groucho-oregon,1033072248,TCP,,6000.0,1433.0,61.147.110.120,CN,China,Jiangsu Sheng,32.0617,118.7778,,2013-08-14 13:52:00,2013-08-14,2013,8,14,13,52
311401,7/24/13 7:47,groucho-tokyo,45792730,UDP,,10100.0,2193.0,2.186.189.218,IR,Iran,East Azarbaijan,38.08,46.2919,,2013-07-24 07:47:00,2013-07-24,2013,7,24,7,47
397911,8/24/13 14:12,groucho-tokyo,1019140150,TCP,,6000.0,1433.0,60.190.216.54,CN,China,,35.0,105.0,,2013-08-24 14:12:00,2013-08-24,2013,8,24,14,12
224570,6/18/13 21:31,groucho-singapore,3729348165,TCP,,6000.0,3306.0,222.73.86.69,CN,China,Shanghai Shi,31.0456,121.3997,,2013-06-18 21:31:00,2013-06-18,2013,6,18,21,31
406074,8/26/13 23:41,groucho-tokyo,2945632252,UDP,,25416.0,56338.0,175.146.199.252,CN,China,Liaoning,41.7922,123.4328,,2013-08-26 23:41:00,2013-08-26,2013,8,26,23,41
214896,6/14/13 6:25,groucho-singapore,701499566,ICMP,8.0,,,41.208.8.174,ZA,South Africa,,-29.0,24.0,,2013-06-14 06:25:00,2013-06-14,2013,6,14,6,25
19473,3/14/13 23:49,groucho-oregon,3662469263,TCP,,6000.0,1433.0,218.76.216.143,CN,China,Hunan,28.1792,113.1136,,2013-03-14 23:49:00,2013-03-14,2013,3,14,23,49
267968,7/7/13 19:42,groucho-tokyo,3394069597,TCP,,4357.0,445.0,202.77.100.93,ID,Indonesia,,-6.1744,106.8294,,2013-07-07 19:42:00,2013-07-07,2013,7,7,19,42
442229,9/4/13 13:20,groucho-singapore,2379512141,TCP,,36448.0,443.0,141.212.121.77,US,United States,Michigan,42.2923,-83.7145,,2013-09-04 13:20:00,2013-09-04,2013,9,4,13,20
101522,4/24/13 3:08,groucho-tokyo,3226133835,TCP,,60450.0,6670.0,192.74.229.75,US,United States,California,37.3887,-122.0188,,2013-04-24 03:08:00,2013-04-24,2013,4,24,3,8
122676,5/3/13 18:41,groucho-us-east,3134360856,ICMP,8.0,,,186.210.141.24,BR,Brazil,,-10.0,-55.0,,2013-05-03 18:41:00,2013-05-03,2013,5,3,18,41
130225,5/6/13 22:19,zeppo-norcal,3327303900,ICMP,8.0,,,198.82.160.220,US,United States,Virginia,37.1791,-80.3515,,2013-05-06 22:19:00,2013-05-06,2013,5,6,22,19
174849,5/25/13 23:12,groucho-oregon,1989218504,TCP,,6000.0,3306.0,118.145.16.200,CN,China,Beijing Shi,39.9289,116.3883,,2013-05-25 23:12:00,2013-05-25,2013,5,25,23,12
61956,4/5/13 13:32,groucho-oregon,2007462538,TCP,,6000.0,1433.0,119.167.114.138,CN,China,Shandong Sheng,36.6683,116.9972,,2013-04-05 13:32:00,2013-04-05,2013,4,5,13,32
232838,6/22/13 8:15,groucho-oregon,3699056469,TCP,,2607.0,3389.0,220.123.31.85,KR,South Korea,,37.57,126.98,,2013-06-22 08:15:00,2013-06-22,2013,6,22,8,15
290076,7/16/13 10:52,groucho-singapore,1894074359,TCP,,44709.0,1433.0,112.229.71.247,CN,China,Shandong Sheng,36.6683,116.9972,,2013-07-16 10:52:00,2013-07-16,2013,7,16,10,52
14957,3/12/13 11:44,groucho-eu,2992485977,ICMP,8.0,,,178.93.182.89,UA,Ukraine,,49.0,32.0,,2013-03-12 11:44:00,2013-03-12,2013,3,12,11,44
114920,4/30/13 3:39,groucho-singapore,2095154055,TCP,,6000.0,1433.0,124.225.131.135,CN,China,,35.0,105.0,,2013-04-30 03:39:00,2013-04-30,2013,4,30,3,39
245857,6/28/13 0:48,groucho-singapore,1884983075,UDP,,53.0,16381.0,112.90.143.35,CN,China,Guangdong,23.1167,113.25,,2013-06-28 00:48:00,2013-06-28,2013,6,28,0,48
111609,4/28/13 17:35,groucho-singapore,3417478163,ICMP,8.0,,,203.178.148.19,JP,Japan,,35.69,139.69,,2013-04-28 17:35:00,2013-04-28,2013,4,28,17,35
131742,5/7/13 14:24,groucho-tokyo,1032067941,TCP,,6000.0,6668.0,61.132.27.101,CN,China,Jiangsu Sheng,32.0617,118.7778,,2013-05-07 14:24:00,2013-05-07,2013,5,7,14,24
427882,8/29/13 16:36,groucho-sa,3736738315,TCP,,6000.0,1433.0,222.186.26.11,CN,China,Jiangsu Sheng,32.0617,118.7778,,2013-08-29 16:36:00,2013-08-29,2013,8,29,16,36
74473,4/12/13 5:09,groucho-oregon,1962929414,TCP,,6000.0,135.0,116.255.237.6,CN,China,Zhejiang Sheng,27.8456,120.4928,,2013-04-12 05:09:00,2013-04-12,2013,4,12,5,9
250209,6/29/13 21:04,groucho-tokyo,3670937576,TCP,,36278.0,1433.0,218.206.15.232,CN,China,,35.0,105.0,,2013-06-29 21:04:00,2013-06-29,2013,6,29,21,4
397267,8/24/13 8:22,groucho-oregon,1438867482,UDP,,5149.0,5068.0,85.195.96.26,DE,Germany,,51.0,9.0,,2013-08-24 08:22:00,2013-08-24,2013,8,24,8,22
185708,5/30/13 22:52,groucho-tokyo,2061672678,TCP,,6000.0,1433.0,122.226.160.230,CN,China,Jiangsu Sheng,32.4907,119.9081,,2013-05-30 22:52:00,2013-05-30,2013,5,30,22,52
286901,7/15/13 2:54,groucho-sa,2073504317,TCP,,12215.0,8080.0,123.151.42.61,CN,China,Tianjin Shi,39.1422,117.1767,,2013-07-15 02:54:00,2013-07-15,2013,7,15,2,54
10511,3/10/13 0:36,groucho-oregon,1995736125,TCP,,6000.0,1433.0,118.244.132.61,CN,China,Beijing Shi,39.9289,116.3883,,2013-03-10 00:36:00,2013-03-10,2013,3,10,0,36
172823,5/25/13 2:01,groucho-tokyo,2030970490,TCP,,3666.0,445.0,121.14.38.122,CN,China,Guangdong,23.1167,113.25,,2013-05-25 02:01:00,2013-05-25,2013,5,25,2,1
266441,7/7/13 8:43,groucho-singapore,1795584089,TCP,,49119.0,22.0,107.6.112.89,SG,Singapore,,1.2931,103.8558,,2013-07-07 08:43:00,2013-07-07,2013,7,7,8,43
411412,8/26/13 23:57,groucho-tokyo,2945632252,UDP,,25416.0,56338.0,175.146.199.252,CN,China,Liaoning,41.7922,123.4328,,2013-08-26 23:57:00,2013-08-26,2013,8,26,23,57
442386,9/4/13 15:12,groucho-sydney,3328473218,TCP,,4445.0,135.0,198.100.120.130,US,United States,California,34.053000000000004,-118.2642,,2013-09-04 15:12:00,2013-09-04,2013,9,4,15,12
271135,7/8/13 19:01,groucho-oregon,2000668485,ICMP,8.0,,,119.63.199.69,JP,Japan,Tokyo-to,35.685,139.7514,,2013-07-08 19:01:00,2013-07-08,2013,7,8,19,1
438432,9/3/13 2:44,groucho-oregon,3322767238,TCP,,6000.0,3306.0,198.13.103.134,US,United States,California,34.0115,-117.8535,,2013-09-03 02:44:00,2013-09-03,2013,9,3,2,44
201695,6/7/13 17:35,groucho-oregon,3074222311,TCP,,6000.0,1433.0,183.60.232.231,CN,China,Guangdong,23.1167,113.25,,2013-06-07 17:35:00,2013-06-07,2013,6,7,17,35
446496,9/6/13 7:27,groucho-sydney,2070771085,UDP,,14622.0,14415.0,123.109.117.141,KR,South Korea,,37.57,126.98,,2013-09-06 07:27:00,2013-09-06,2013,9,6,7,27
342087,8/2/13 4:01,groucho-tokyo,1603986597,TCP,,63626.0,3128.0,95.154.228.165,GB,United Kingdom,,51.5,-0.13,,2013-08-02 04:01:00,2013-08-02,2013,8,2,4,1
230354,6/21/13 5:29,groucho-eu,1534707309,TCP,,56735.0,22.0,91.121.198.109,FR,France,,48.86,2.35,,2013-06-21 05:29:00,2013-06-21,2013,6,21,5,29
413284,8/27/13 0:03,groucho-tokyo,2945632252,UDP,,25416.0,56338.0,175.146.199.252,CN,China,Liaoning,41.7922,123.4328,,2013-08-27 00:03:00,2013-08-27,2013,8,27,0,3
107362,4/26/13 21:30,groucho-singapore,2386255380,TCP,,1986.0,23.0,142.59.94.20,CA,Canada,Alberta,55.1389,-118.773,,2013-04-26 21:30:00,2013-04-26,2013,4,26,21,30
205157,6/9/13 14:22,groucho-eu,3515722826,UDP,,16253.0,32452.0,209.141.172.74,CA,Canada,Ontario,43.86,-79.3605,,2013-06-09 14:22:00,2013-06-09,2013,6,9,14,22
40932,3/25/13 9:23,groucho-tokyo,3141515026,TCP,,64816.0,22.0,187.63.183.18,BR,Brazil,,-10.0,-55.0,,2013-03-25 09:23:00,2013-03-25,2013,3,25,9,23
401846,8/26/13 11:07,groucho-oregon,1604727008,TCP,,37509.0,21.0,95.166.48.224,DK,Denmark,Capital Region,55.6833,12.4833,,2013-08-26 11:07:00,2013-08-26,2013,8,26,11,7
140267,5/11/13 5:18,zeppo-norcal,3359393611,TCP,,15239.0,3389.0,200.60.71.75,PE,Peru,Provincia de Lima,-12.05,-77.05,,2013-05-11 05:18:00,2013-05-11,2013,5,11,5,18
294133,7/18/13 5:19,groucho-singapore,3684314452,TCP,,6000.0,1433.0,219.154.45.84,CN,China,Henan Sheng,34.6836,113.5325,,2013-07-18 05:19:00,2013-07-18,2013,7,18,5,19
122166,5/3/13 13:07,groucho-tokyo,1919956830,TCP,,6000.0,8080.0,114.112.55.94,CN,China,Beijing Shi,39.9289,116.3883,,2013-05-03 13:07:00,2013-05-03,2013,5,3,13,7
118595,5/1/13 19:40,groucho-tokyo,1915027909,TCP,,6000.0,6674.0,114.37.1.197,TW,Taiwan,Taipei,25.0392,121.525,,2013-05-01 19:40:00,2013-05-01,2013,5,1,19,40
250342,6/29/13 22:37,groucho-singapore,3736740375,TCP,,6000.0,443.0,222.186.34.23,CN,China,Jiangsu Sheng,32.0617,118.7778,,2013-06-29 22:37:00,2013-06-29,2013,6,29,22,37
173805,5/25/13 11:44,groucho-tokyo,1507490086,TCP,,3000.0,445.0,89.218.121.38,KZ,Kazakhstan,,48.0,68.0,,2013-05-25 11:44:00,2013-05-25,2013,5,25,11,44
381564,8/17/13 10:14,groucho-norcal,1914899537,UDP,,28227.0,40938.0,114.35.12.81,TW,Taiwan,Taipei,25.0392,121.525,,2013-08-17 10:14:00,2013-08-17,2013,8,17,10,14
176598,5/26/13 19:05,groucho-singapore,1488975886,ICMP,3.0,,,88.191.248.14,FR,France,Paris,48.8667,2.3333,,2013-05-26 19:05:00,2013-05-26,2013,5,26,19,5
223142,6/18/13 5:20,groucho-singapore,1959426066,TCP,,4391.0,8090.0,116.202.120.18,IN,India,State of Karnataka,12.9833,77.5833,,2013-06-18 05:20:00,2013-06-18,2013,6,18,5,20
37134,3/23/13 9:33,groucho-oregon,710977927,TCP,,6000.0,1433.0,42.96.169.135,CN,China,Beijing Shi,39.9289,116.3883,,2013-03-23 09:33:00,2013-03-23,2013,3,23,9,33
107714,4/27/13 1:37,groucho-tokyo,3226133835,TCP,,12308.0,6671.0,192.74.229.75,US,United States,California,37.3887,-122.0188,,2013-04-27 01:37:00,2013-04-27,2013,4,27,1,37
367864,8/12/13 3:50,groucho-tokyo,1990283214,TCP,,6000.0,1998.0,118.161.79.206,TW,Taiwan,Taipei,25.0392,121.525,,2013-08-12 03:50:00,2013-08-12,2013,8,12,3,50
62441,4/5/13 20:51,groucho-tokyo,1958825247,TCP,,3691.0,445.0,116.193.77.31,VN,Vietnam,,16.0,106.0,,2013-04-05 20:51:00,2013-04-05,2013,4,5,20,51
219788,6/16/13 14:28,groucho-oregon,2916153715,TCP,,6000.0,1433.0,173.208.249.115,US,United States,Missouri,39.1068,-94.566,,2013-06-16 14:28:00,2013-06-16,2013,6,16,14,28
318755,7/24/13 7:53,groucho-tokyo,45792730,UDP,,10100.0,2193.0,2.186.189.218,IR,Iran,East Azarbaijan,38.08,46.2919,,2013-07-24 07:53:00,2013-07-24,2013,7,24,7,53
130280,5/6/13 23:07,groucho-tokyo,3196485417,TCP,,2304.0,445.0,190.134.127.41,UY,Uruguay,Departamento de Montevideo,-34.8581,-56.1708,,2013-05-06 23:07:00,2013-05-06,2013,5,6,23,7
238325,6/24/13 22:10,groucho-sydney,3273425414,TCP,,38054.0,3389.0,195.28.130.6,SK,Slovakia,,48.6667,19.5,,2013-06-24 22:10:00,2013-06-24,2013,6,24,22,10
329763,7/27/13 16:03,groucho-singapore,1915390706,TCP,,2317.0,25.0,114.42.138.242,TW,Taiwan,Taipei,25.0392,121.525,,2013-07-27 16:03:00,2013-07-27,2013,7,27,16,3
340345,8/1/13 9:35,groucho-tokyo,3417478163,ICMP,8.0,,,203.178.148.19,JP,Japan,,35.69,139.69,,2013-08-01 09:35:00,2013-08-01,2013,8,1,9,35
170440,5/24/13 0:25,groucho-oregon,1931223394,TCP,,6000.0,1433.0,115.28.33.98,CN,China,Beijing Shi,39.9289,116.3883,,2013-05-24 00:25:00,2013-05-24,2013,5,24,0,25
164914,5/21/13 6:58,groucho-tokyo,2169670188,ICMP,8.0,,,129.82.138.44,US,United States,Colorado,40.4555,-105.4648,,2013-05-21 06:58:00,2013-05-21,2013,5,21,6,58
429108,8/30/13 6:09,groucho-oregon,2084795414,TCP,,6000.0,22.0,124.67.116.22,CN,China,Inner Mongolia,40.6522,109.8222,,2013-08-30 06:09:00,2013-08-30,2013,8,30,6,9
365925,8/11/13 10:55,groucho-us-east,1150395419,TCP,,1345.0,80.0,68.145.164.27,CA,Canada,Alberta,51.0833,-114.0833,,2013-08-11 10:55:00,2013-08-11,2013,8,11,10,55
161661,5/19/13 21:23,groucho-tokyo,3736738396,TCP,,6000.0,6666.0,222.186.26.92,CN,China,Jiangsu Sheng,32.0617,118.7778,,2013-05-19 21:23:00,2013-05-19,2013,5,19,21,23
222592,6/17/13 21:39,groucho-oregon,2385951994,TCP,,6000.0,1433.0,142.54.188.250,US,United States,Missouri,39.1472,-94.5735,,2013-06-17 21:39:00,2013-06-17,2013,6,17,21,39
247022,6/28/13 13:01,groucho-oregon,3328204173,TCP,,6000.0,3389.0,198.96.93.141,US,United States,California,34.0438,-118.2512,,2013-06-28 13:01:00,2013-06-28,2013,6,28,13,1
53213,3/31/13 20:14,groucho-oregon,2955608130,TCP,,13241.0,445.0,176.43.0.66,TR,Turkey,,39.0,35.0,,2013-03-31 20:14:00,2013-03-31,2013,3,31,20,14
399726,8/25/13 11:03,groucho-tokyo,1603986597,TCP,,52458.0,3128.0,95.154.228.165,GB,United Kingdom,,51.5,-0.13,,2013-08-25 11:03:00,2013-08-25,2013,8,25,11,3
272748,7/9/13 9:38,groucho-singapore,846439551,TCP,,35853.0,2083.0,50.115.164.127,US,United States,Missouri,39.1068,-94.566,,2013-07-09 09:38:00,2013-07-09,2013,7,9,9,38
402586,8/26/13 18:37,groucho-sa,1033070341,TCP,,6000.0,1433.0,61.147.103.5,CN,China,Jiangsu Sheng,32.0617,118.7778,,2013-08-26 18:37:00,2013-08-26,2013,8,26,18,37
97612,4/22/13 12:43,groucho-oregon,3736734735,TCP,,6000.0,1433.0,222.186.12.15,CN,China,Jiangsu Sheng,32.0617,118.7778,,2013-04-22 12:43:00,2013-04-22,2013,4,22,12,43
265341,7/6/13 19:58,groucho-tokyo,2169670188,ICMP,8.0,,,129.82.138.44,US,United States,Colorado,40.4555,-105.4648,,2013-07-06 19:58:00,2013-07-06,2013,7,6,19,58
421680,8/27/13 0:41,groucho-singapore,1347568076,UDP,,33819.0,53.0,80.82.65.204,NL,Netherlands,,52.5,5.75,,2013-08-27 00:41:00,2013-08-27,2013,8,27,0,41
250148,6/29/13 19:56,groucho-norcal,2306266171,ICMP,8.0,,,137.118.212.59,US,United States,North Carolina,36.1425,-81.1635,,2013-06-29 19:56:00,2013-06-29,2013,6,29,19,56
201966,6/7/13 21:07,groucho-singapore,1472560027,ICMP,8.0,,,87.197.123.155,SK,Slovakia,,48.6667,19.5,,2013-06-07 21:07:00,2013-06-07,2013,6,7,21,7
154360,5/17/13 17:53,groucho-us-east,1035595497,UDP,,4365.0,1434.0,61.185.238.233,CN,China,Shaanxi,34.2583,108.9286,,2013-05-17 17:53:00,2013-05-17,2013,5,17,17,53
194144,6/4/13 1:15,groucho-tokyo,3423396430,TCP,,3107.0,445.0,204.12.226.78,US,United States,Missouri,39.1068,-94.566,,2013-06-04 01:15:00,2013-06-04,2013,6,4,1,15
323183,7/24/13 23:40,groucho-sydney,1055681772,TCP,,45876.0,11691.0,62.236.108.236,FI,Finland,,64.0,26.0,,2013-07-24 23:40:00,2013-07-24,2013,7,24,23,40
51826,3/31/13 4:35,groucho-singapore,1017977521,TCP,,6000.0,1433.0,60.173.26.177,CN,China,Anhui Sheng,31.8639,117.2808,,2013-03-31 04:35:00,2013-03-31,2013,3,31,4,35
234150,6/22/13 23:14,groucho-oregon,3740323914,TCP,,1869.0,1433.0,222.240.208.74,CN,China,Hunan,28.1792,113.1136,,2013-06-22 23:14:00,2013-06-22,2013,6,22,23,14
214207,6/13/13 22:42,groucho-tokyo,2016551759,TCP,,3367.0,445.0,120.50.35.79,SG,Singapore,,1.3667,103.8,,2013-06-13 22:42:00,2013-06-13,2013,6,13,22,42
243912,6/27/13 6:40,groucho-sa,3736746437,TCP,,6000.0,3389.0,222.186.57.197,CN,China,Jiangsu Sheng,32.0617,118.7778,,2013-06-27 06:40:00,2013-06-27,2013,6,27,6,40
64837,4/7/13 0:22,groucho-oregon,2047497128,TCP,,6000.0,1433.0,122.10.83.168,HK,Hong Kong,,22.25,114.1667,,2013-04-07 00:22:00,2013-04-07,2013,4,7,0,22
256195,7/2/13 12:41,groucho-us-east,2388376916,TCP,,6000.0,3389.0,142.91.189.84,US,United States,California,34.0438,-118.2512,,2013-07-02 12:41:00,2013-07-02,2013,7,2,12,41
74390,4/12/13 4:03,groucho-tokyo,1627302658,TCP,,38467.0,3128.0,96.254.171.2,US,United States,Florida,28.3031,-82.7048,,2013-04-12 04:03:00,2013-04-12,2013,4,12,4,3
67794,4/8/13 13:14,groucho-norcal,1211013946,ICMP,3.0,,,72.46.155.58,US,United States,Nevada,36.0877,-115.1485,,2013-04-08 13:14:00,2013-04-08,2013,4,8,13,14
71912,4/10/13 18:10,groucho-oregon,710979337,TCP,,6000.0,1433.0,42.96.175.9,CN,China,Beijing Shi,39.9289,116.3883,,2013-04-10 18:10:00,2013-04-10,2013,4,10,18,10
347694,8/4/13 6:37,groucho-us-east,1150395419,TCP,,38641.0,80.0,68.145.164.27,CA,Canada,Alberta,51.0833,-114.0833,,2013-08-04 06:37:00,2013-08-04,2013,8,4,6,37
303647,7/22/13 8:34,groucho-oregon,1945102082,TCP,,6000.0,1433.0,115.239.231.2,CN,China,Zhejiang Sheng,30.2936,120.1614,,2013-07-22 08:34:00,2013-07-22,2013,7,22,8,34
319361,7/24/13 7:54,groucho-tokyo,45792730,UDP,,10100.0,2193.0,2.186.189.218,IR,Iran,East Azarbaijan,38.08,46.2919,,2013-07-24 07:54:00,2013-07-24,2013,7,24,7,54
402167,8/26/13 14:24,groucho-tokyo,2148116578,ICMP,8.0,,,128.9.168.98,US,United States,California,33.9777,-118.4351,,2013-08-26 14:24:00,2013-08-26,2013,8,26,14,24
119836,5/2/13 11:01,groucho-tokyo,2148116578,ICMP,8.0,,,128.9.168.98,US,United States,California,33.9777,-118.4351,,2013-05-02 11:01:00,2013-05-02,2013,5,2,11,1
169634,5/23/13 16:04,groucho-oregon,710977289,TCP,,6000.0,1433.0,42.96.167.9,CN,China,Beijing Shi,39.9289,116.3883,,2013-05-23 16:04:00,2013-05-23,2013,5,23,16,4
31513,3/20/13 17:48,groucho-sa,1613164291,TCP,,43016.0,22.0,96.38.239.3,US,United States,Georgia,34.0977,-83.7762,,2013-03-20 17:48:00,2013-03-20,2013,3,20,17,48
45922,3/28/13 0:00,groucho-oregon,3736739667,TCP,,48302.0,22.0,222.186.31.83,CN,China,Jiangsu Sheng,32.0617,118.7778,,2013-03-28 00:00:00,2013-03-28,2013,3,28,0,0
72850,4/11/13 7:12,groucho-sa,3717144289,UDP,,49561.0,42776.0,221.143.30.225,KR,South Korea,Gangwon,38.1833,127.8167,,2013-04-11 07:12:00,2013-04-11,2013,4,11,7,12
47130,3/28/13 16:10,groucho-oregon,1440329946,TCP,,4072.0,445.0,85.217.176.218,BG,Bulgaria,Oblast Veliko Turnovo,42.9333,25.8833,,2013-03-28 16:10:00,2013-03-28,2013,3,28,16,10
36010,3/22/13 18:05,groucho-singapore,3032095556,TCP,,6000.0,1433.0,180.186.27.68,CN,China,Beijing Shi,39.9289,116.3883,,2013-03-22 18:05:00,2013-03-22,2013,3,22,18,5
44037,3/26/13 23:13,groucho-norcal,1169129130,UDP,,39530.0,5353.0,69.175.126.170,US,United States,Illinois,41.8876,-87.6368,,2013-03-26 23:13:00,2013-03-26,2013,3,26,23,13
164279,5/20/13 22:10,groucho-sydney,3076197948,TCP,,37425.0,80.0,183.91.14.60,VN,Vietnam,,16.0,106.0,,2013-05-20 22:10:00,2013-05-20,2013,5,20,22,10
10333,3/9/13 21:49,groucho-tokyo,3741636877,TCP,,6000.0,1433.0,223.4.217.13,CN,China,Beijing Shi,39.9289,116.3883,,2013-03-09 21:49:00,2013-03-09,2013,3,9,21,49
289277,7/16/13 2:50,groucho-eu,533008765,TCP,,24043.0,8080.0,31.197.17.125,IT,Italy,,42.8333,12.8333,,2013-07-16 02:50:00,2013-07-16,2013,7,16,2,50
245773,6/28/13 0:14,groucho-tokyo,2382398538,TCP,,6000.0,22.0,142.0.132.74,US,United States,California,37.3495,-122.1163,,2013-06-28 00:14:00,2013-06-28,2013,6,28,0,14
238944,6/25/13 5:43,groucho-eu,170932385,UDP,,67.0,68.0,10.48.56.161,,,,,,,2013-06-25 05:43:00,2013-06-25,2013,6,25,5,43
356238,8/7/13 17:37,groucho-eu,2970723410,TCP,,3199.0,1433.0,177.17.164.82,BR,Brazil,Estado de Goias,-16.6667,-49.2667,,2013-08-07 17:37:00,2013-08-07,2013,8,7,17,37
17079,3/13/13 15:45,groucho-sydney,3161536353,UDP,,12610.0,20049.0,188.113.55.97,RU,Russia,Kurskaya Oblast',51.7373,36.1873,,2013-03-13 15:45:00,2013-03-13,2013,3,13,15,45
334543,7/29/13 20:34,groucho-singapore,1035001696,TCP,,6000.0,1998.0,61.176.223.96,CN,China,Liaoning,41.7922,123.4328,,2013-07-29 20:34:00,2013-07-29,2013,7,29,20,34
340657,8/1/13 13:21,groucho-tokyo,1867067024,TCP,,4707.0,80.0,111.73.46.144,CN,China,Jiangxi Sheng,28.55,115.9333,,2013-08-01 13:21:00,2013-08-01,2013,8,1,13,21
302643,7/21/13 21:52,groucho-singapore,3231344205,TCP,,4445.0,135.0,192.154.102.77,US,United States,California,34.053000000000004,-118.2642,,2013-07-21 21:52:00,2013-07-21,2013,7,21,21,52
140525,5/11/13 8:12,groucho-oregon,1931225308,TCP,,6000.0,1433.0,115.28.40.220,CN,China,Beijing Shi,39.9289,116.3883,,2013-05-11 08:12:00,2013-05-11,2013,5,11,8,12
189362,6/1/13 16:46,groucho-oregon,1914920041,TCP,,2738.0,135.0,114.35.92.105,TW,Taiwan,Taipei,25.0392,121.525,,2013-06-01 16:46:00,2013-06-01,2013,6,1,16,46
278089,7/11/13 12:00,groucho-oregon,2084783483,TCP,,6000.0,1080.0,124.67.69.123,CN,China,Inner Mongolia,40.6522,109.8222,,2013-07-11 12:00:00,2013-07-11,2013,7,11,12,0
403533,8/26/13 22:43,groucho-tokyo,2945632252,UDP,,25416.0,56338.0,175.146.199.252,CN,China,Liaoning,41.7922,123.4328,,2013-08-26 22:43:00,2013-08-26,2013,8,26,22,43
280832,7/12/13 14:33,groucho-us-east,3240255044,ICMP,8.0,,,193.34.94.68,UA,Ukraine,,49.0,32.0,,2013-07-12 14:33:00,2013-07-12,2013,7,12,14,33
183849,5/30/13 1:05,groucho-eu,3659255801,UDP,,60817.0,53.0,218.27.207.249,CN,China,Jilin Sheng,43.88,125.3228,,2013-05-30 01:05:00,2013-05-30,2013,5,30,1,5
212783,6/13/13 6:02,groucho-eu,2114267120,UDP,,51227.0,32452.0,126.5.39.240,JP,Japan,,35.69,139.69,,2013-06-13 06:02:00,2013-06-13,2013,6,13,6,2
77918,4/13/13 22:21,groucho-us-east,2012716521,UDP,,61189.0,54521.0,119.247.157.233,HK,Hong Kong,,22.2833,114.15,,2013-04-13 22:21:00,2013-04-13,2013,4,13,22,21
55686,4/2/13 4:56,groucho-us-east,2101431351,TCP,,6000.0,3306.0,125.65.76.55,CN,China,Sichuan Sheng,30.6667,104.0667,,2013-04-02 04:56:00,2013-04-02,2013,4,2,4,56
55175,4/1/13 23:03,groucho-norcal,2928356258,TCP,,6000.0,1433.0,174.139.43.162,US,United States,California,33.8138,-117.7986,,2013-04-01 23:03:00,2013-04-01,2013,4,1,23,3
304709,7/22/13 16:02,groucho-sydney,1593252013,TCP,,54148.0,80.0,94.247.24.173,FR,France,,48.86,2.35,,2013-07-22 16:02:00,2013-07-22,2013,7,22,16,2
93997,4/21/13 1:59,zeppo-norcal,987577494,TCP,,6000.0,1433.0,58.221.60.150,CN,China,Jiangsu Sheng,32.0617,118.7778,,2013-04-21 01:59:00,2013-04-21,2013,4,21,1,59
323819,7/25/13 5:48,groucho-singapore,1035975750,TCP,,6000.0,1998.0,61.191.188.70,CN,China,Anhui Sheng,31.8639,117.2808,,2013-07-25 05:48:00,2013-07-25,2013,7,25,5,48
309849,7/24/13 0:30,zeppo-norcal,3337960529,UDP,,5413.0,5060.0,198.245.60.81,CA,Canada,Quebec,45.5078,-73.5804,,2013-07-24 00:30:00,2013-07-24,2013,7,24,0,30
